Method,Job,AnalyzeLaunchVariance,EvaluateOverhead,MaxAbsoluteError,MaxRelativeError,MinInvokeCount,MinIterationTime,OutlierMode,Affinity,EnvironmentVariables,Jit,LargeAddressAware,Platform,PowerPlanMode,Runtime,AllowVeryLargeObjects,Concurrent,CpuGroups,Force,HeapAffinitizeMask,HeapCount,NoAffinitize,RetainVm,Server,Arguments,BuildConfiguration,Clock,EngineFactory,NuGetReferences,Toolchain,IsMutator,InvocationCount,IterationCount,IterationTime,LaunchCount,MaxIterationCount,MaxWarmupIterationCount,MemoryRandomization,MinIterationCount,MinWarmupIterationCount,RunStrategy,UnrollFactor,WarmupCount,SingleReader,SingleWriter,Mean,Error,StdDev,Gen0,Allocated
GoMakeUnboundedAsync,DefaultJob,False,Default,Default,Default,Default,Default,Default,0000000000,Empty,RyuJit,Default,X64,8c5e7fda-e8bf-4a96-9a85-a6e23a8c635c,.NET 10.0,False,True,False,True,Default,Default,False,False,False,Default,Default,Default,Default,Default,Default,Default,Default,Default,Default,Default,Default,Default,Default,Default,Default,Default,16,Default,False,False,107.18 μs,2.102 μs,2.733 μs,1.2207,7.66 KB
GoMakeBoundedAsync,DefaultJob,False,Default,Default,Default,Default,Default,Default,0000000000,Empty,RyuJit,Default,X64,8c5e7fda-e8bf-4a96-9a85-a6e23a8c635c,.NET 10.0,False,True,False,True,Default,Default,False,False,False,Default,Default,Default,Default,Default,Default,Default,Default,Default,Default,Default,Default,Default,Default,Default,Default,Default,16,Default,False,False,116.23 μs,2.295 μs,2.643 μs,0.6104,4.04 KB
NativeBoundedAsync,DefaultJob,False,Default,Default,Default,Default,Default,Default,0000000000,Empty,RyuJit,Default,X64,8c5e7fda-e8bf-4a96-9a85-a6e23a8c635c,.NET 10.0,False,True,False,True,Default,Default,False,False,False,Default,Default,Default,Default,Default,Default,Default,Default,Default,Default,Default,Default,Default,Default,Default,Default,Default,16,Default,False,False,114.83 μs,2.177 μs,2.235 μs,0.6104,4.04 KB
NativeUnboundedAsync,DefaultJob,False,Default,Default,Default,Default,Default,Default,0000000000,Empty,RyuJit,Default,X64,8c5e7fda-e8bf-4a96-9a85-a6e23a8c635c,.NET 10.0,False,True,False,True,Default,Default,False,False,False,Default,Default,Default,Default,Default,Default,Default,Default,Default,Default,Default,Default,Default,Default,Default,Default,Default,16,Default,False,False,104.05 μs,1.964 μs,3.830 μs,0.9766,8 KB
GoMakePrioritizedAsync,DefaultJob,False,Default,Default,Default,Default,Default,Default,0000000000,Empty,RyuJit,Default,X64,8c5e7fda-e8bf-4a96-9a85-a6e23a8c635c,.NET 10.0,False,True,False,True,Default,Default,False,False,False,Default,Default,Default,Default,Default,Default,Default,Default,Default,Default,Default,Default,Default,Default,Default,Default,Default,16,Default,False,False,364.10 μs,7.224 μs,6.032 μs,0.9766,7.29 KB
GoMakeUnboundedAsync,DefaultJob,False,Default,Default,Default,Default,Default,Default,0000000000,Empty,RyuJit,Default,X64,8c5e7fda-e8bf-4a96-9a85-a6e23a8c635c,.NET 10.0,False,True,False,True,Default,Default,False,False,False,Default,Default,Default,Default,Default,Default,Default,Default,Default,Default,Default,Default,Default,Default,Default,Default,Default,16,Default,False,True,108.37 μs,2.158 μs,2.806 μs,1.2207,7.23 KB
GoMakeBoundedAsync,DefaultJob,False,Default,Default,Default,Default,Default,Default,0000000000,Empty,RyuJit,Default,X64,8c5e7fda-e8bf-4a96-9a85-a6e23a8c635c,.NET 10.0,False,True,False,True,Default,Default,False,False,False,Default,Default,Default,Default,Default,Default,Default,Default,Default,Default,Default,Default,Default,Default,Default,Default,Default,16,Default,False,True,113.95 μs,1.941 μs,1.721 μs,0.4883,4.04 KB
NativeBoundedAsync,DefaultJob,False,Default,Default,Default,Default,Default,Default,0000000000,Empty,RyuJit,Default,X64,8c5e7fda-e8bf-4a96-9a85-a6e23a8c635c,.NET 10.0,False,True,False,True,Default,Default,False,False,False,Default,Default,Default,Default,Default,Default,Default,Default,Default,Default,Default,Default,Default,Default,Default,Default,Default,16,Default,False,True,117.51 μs,2.282 μs,2.886 μs,0.0000,4.04 KB
NativeUnboundedAsync,DefaultJob,False,Default,Default,Default,Default,Default,Default,0000000000,Empty,RyuJit,Default,X64,8c5e7fda-e8bf-4a96-9a85-a6e23a8c635c,.NET 10.0,False,True,False,True,Default,Default,False,False,False,Default,Default,Default,Default,Default,Default,Default,Default,Default,Default,Default,Default,Default,Default,Default,Default,Default,16,Default,False,True,107.80 μs,2.151 μs,4.144 μs,1.2207,7.18 KB
GoMakePrioritizedAsync,DefaultJob,False,Default,Default,Default,Default,Default,Default,0000000000,Empty,RyuJit,Default,X64,8c5e7fda-e8bf-4a96-9a85-a6e23a8c635c,.NET 10.0,False,True,False,True,Default,Default,False,False,False,Default,Default,Default,Default,Default,Default,Default,Default,Default,Default,Default,Default,Default,Default,Default,Default,Default,16,Default,False,True,392.15 μs,7.511 μs,7.377 μs,0.9766,7.35 KB
GoMakeUnboundedAsync,DefaultJob,False,Default,Default,Default,Default,Default,Default,0000000000,Empty,RyuJit,Default,X64,8c5e7fda-e8bf-4a96-9a85-a6e23a8c635c,.NET 10.0,False,True,False,True,Default,Default,False,False,False,Default,Default,Default,Default,Default,Default,Default,Default,Default,Default,Default,Default,Default,Default,Default,Default,Default,16,Default,True,False,69.78 μs,1.241 μs,1.100 μs,1.4648,9.14 KB
GoMakeBoundedAsync,DefaultJob,False,Default,Default,Default,Default,Default,Default,0000000000,Empty,RyuJit,Default,X64,8c5e7fda-e8bf-4a96-9a85-a6e23a8c635c,.NET 10.0,False,True,False,True,Default,Default,False,False,False,Default,Default,Default,Default,Default,Default,Default,Default,Default,Default,Default,Default,Default,Default,Default,Default,Default,16,Default,True,False,113.88 μs,1.477 μs,1.309 μs,0.6104,4.04 KB
NativeBoundedAsync,DefaultJob,False,Default,Default,Default,Default,Default,Default,0000000000,Empty,RyuJit,Default,X64,8c5e7fda-e8bf-4a96-9a85-a6e23a8c635c,.NET 10.0,False,True,False,True,Default,Default,False,False,False,Default,Default,Default,Default,Default,Default,Default,Default,Default,Default,Default,Default,Default,Default,Default,Default,Default,16,Default,True,False,114.36 μs,1.795 μs,1.679 μs,0.6104,4.04 KB
NativeUnboundedAsync,DefaultJob,False,Default,Default,Default,Default,Default,Default,0000000000,Empty,RyuJit,Default,X64,8c5e7fda-e8bf-4a96-9a85-a6e23a8c635c,.NET 10.0,False,True,False,True,Default,Default,False,False,False,Default,Default,Default,Default,Default,Default,Default,Default,Default,Default,Default,Default,Default,Default,Default,Default,Default,16,Default,True,False,70.27 μs,1.381 μs,2.821 μs,1.5869,9.44 KB
GoMakePrioritizedAsync,DefaultJob,False,Default,Default,Default,Default,Default,Default,0000000000,Empty,RyuJit,Default,X64,8c5e7fda-e8bf-4a96-9a85-a6e23a8c635c,.NET 10.0,False,True,False,True,Default,Default,False,False,False,Default,Default,Default,Default,Default,Default,Default,Default,Default,Default,Default,Default,Default,Default,Default,Default,Default,16,Default,True,False,390.79 μs,7.792 μs,11.663 μs,0.9766,7.2 KB
GoMakeUnboundedAsync,DefaultJob,False,Default,Default,Default,Default,Default,Default,0000000000,Empty,RyuJit,Default,X64,8c5e7fda-e8bf-4a96-9a85-a6e23a8c635c,.NET 10.0,False,True,False,True,Default,Default,False,False,False,Default,Default,Default,Default,Default,Default,Default,Default,Default,Default,Default,Default,Default,Default,Default,Default,Default,16,Default,True,True,67.40 μs,1.305 μs,1.743 μs,1.4648,9.37 KB
GoMakeBoundedAsync,DefaultJob,False,Default,Default,Default,Default,Default,Default,0000000000,Empty,RyuJit,Default,X64,8c5e7fda-e8bf-4a96-9a85-a6e23a8c635c,.NET 10.0,False,True,False,True,Default,Default,False,False,False,Default,Default,Default,Default,Default,Default,Default,Default,Default,Default,Default,Default,Default,Default,Default,Default,Default,16,Default,True,True,115.01 μs,1.852 μs,1.733 μs,0.6104,4.04 KB
NativeBoundedAsync,DefaultJob,False,Default,Default,Default,Default,Default,Default,0000000000,Empty,RyuJit,Default,X64,8c5e7fda-e8bf-4a96-9a85-a6e23a8c635c,.NET 10.0,False,True,False,True,Default,Default,False,False,False,Default,Default,Default,Default,Default,Default,Default,Default,Default,Default,Default,Default,Default,Default,Default,Default,Default,16,Default,True,True,112.93 μs,1.654 μs,1.466 μs,0.6104,4.04 KB
NativeUnboundedAsync,DefaultJob,False,Default,Default,Default,Default,Default,Default,0000000000,Empty,RyuJit,Default,X64,8c5e7fda-e8bf-4a96-9a85-a6e23a8c635c,.NET 10.0,False,True,False,True,Default,Default,False,False,False,Default,Default,Default,Default,Default,Default,Default,Default,Default,Default,Default,Default,Default,Default,Default,Default,Default,16,Default,True,True,74.27 μs,1.461 μs,2.401 μs,1.4648,8.87 KB
GoMakePrioritizedAsync,DefaultJob,False,Default,Default,Default,Default,Default,Default,0000000000,Empty,RyuJit,Default,X64,8c5e7fda-e8bf-4a96-9a85-a6e23a8c635c,.NET 10.0,False,True,False,True,Default,Default,False,False,False,Default,Default,Default,Default,Default,Default,Default,Default,Default,Default,Default,Default,Default,Default,Default,Default,Default,16,Default,True,True,373.62 μs,7.266 μs,10.421 μs,0.9766,7.2 KB
