Method,Job,AnalyzeLaunchVariance,EvaluateOverhead,MaxAbsoluteError,MaxRelativeError,MinInvokeCount,MinIterationTime,OutlierMode,Affinity,EnvironmentVariables,Jit,LargeAddressAware,Platform,PowerPlanMode,Runtime,AllowVeryLargeObjects,Concurrent,CpuGroups,Force,HeapAffinitizeMask,HeapCount,NoAffinitize,RetainVm,Server,Arguments,BuildConfiguration,Clock,EngineFactory,NuGetReferences,Toolchain,IsMutator,InvocationCount,IterationCount,IterationTime,LaunchCount,MaxIterationCount,MaxWarmupIterationCount,MemoryRandomization,MinIterationCount,MinWarmupIterationCount,RunStrategy,UnrollFactor,WarmupCount,ItemCount,Mean,Error,StdDev,Median,Rank,Gen0,Gen1,Allocated
MapStream_AllSuccessAsync,ShortRun,False,Default,Default,Default,Default,Default,Default,0000000000,Empty,RyuJit,Default,Arm64,8c5e7fda-e8bf-4a96-9a85-a6e23a8c635c,.NET 10.0,False,True,False,True,Default,Default,False,False,False,Default,Default,Default,Default,Default,Default,Default,Default,3,Default,1,Default,Default,Default,Default,Default,Default,16,3,64,3.882 μs,0.7980 μs,0.0437 μs,3.887 μs,2,0.1297,0.0000,824 B
MapStream_FailureShortCircuitAsync,ShortRun,False,Default,Default,Default,Default,Default,Default,0000000000,Empty,RyuJit,Default,Arm64,8c5e7fda-e8bf-4a96-9a85-a6e23a8c635c,.NET 10.0,False,True,False,True,Default,Default,False,False,False,Default,Default,Default,Default,Default,Default,Default,Default,3,Default,1,Default,Default,Default,Default,Default,Default,16,3,64,2.535 μs,0.7155 μs,0.0392 μs,2.528 μs,1,0.1297,0.0000,824 B
FlatMapStream_AllSuccessAsync,ShortRun,False,Default,Default,Default,Default,Default,Default,0000000000,Empty,RyuJit,Default,Arm64,8c5e7fda-e8bf-4a96-9a85-a6e23a8c635c,.NET 10.0,False,True,False,True,Default,Default,False,False,False,Default,Default,Default,Default,Default,Default,Default,Default,3,Default,1,Default,Default,Default,Default,Default,Default,16,3,64,46.083 μs,27.4036 μs,1.5021 μs,46.446 μs,7,2.4414,0.0000,15151 B
FlatMap_InnerFailureAsync,ShortRun,False,Default,Default,Default,Default,Default,Default,0000000000,Empty,RyuJit,Default,Arm64,8c5e7fda-e8bf-4a96-9a85-a6e23a8c635c,.NET 10.0,False,True,False,True,Default,Default,False,False,False,Default,Default,Default,Default,Default,Default,Default,Default,3,Default,1,Default,Default,Default,Default,Default,Default,16,3,64,30.474 μs,27.6941 μs,1.5180 μs,30.726 μs,6,1.4038,0.0000,8912 B
FilterStream_PredicateAsync,ShortRun,False,Default,Default,Default,Default,Default,Default,0000000000,Empty,RyuJit,Default,Arm64,8c5e7fda-e8bf-4a96-9a85-a6e23a8c635c,.NET 10.0,False,True,False,True,Default,Default,False,False,False,Default,Default,Default,Default,Default,Default,Default,Default,3,Default,1,Default,Default,Default,Default,Default,Default,16,3,64,2.562 μs,0.3319 μs,0.0182 μs,2.568 μs,1,0.1068,0.0000,688 B
ToChannel_UnboundedAsync,ShortRun,False,Default,Default,Default,Default,Default,Default,0000000000,Empty,RyuJit,Default,Arm64,8c5e7fda-e8bf-4a96-9a85-a6e23a8c635c,.NET 10.0,False,True,False,True,Default,Default,False,False,False,Default,Default,Default,Default,Default,Default,Default,Default,3,Default,1,Default,Default,Default,Default,Default,Default,16,3,64,5.414 μs,2.5142 μs,0.1378 μs,5.338 μs,3,0.9079,0.0153,5464 B
ReadAll_ChannelDrainAsync,ShortRun,False,Default,Default,Default,Default,Default,Default,0000000000,Empty,RyuJit,Default,Arm64,8c5e7fda-e8bf-4a96-9a85-a6e23a8c635c,.NET 10.0,False,True,False,True,Default,Default,False,False,False,Default,Default,Default,Default,Default,Default,Default,Default,3,Default,1,Default,Default,Default,Default,Default,Default,16,3,64,2.822 μs,0.0230 μs,0.0013 μs,2.821 μs,1,0.7553,0.0114,4752 B
FanIn_MergeSourcesAsync,ShortRun,False,Default,Default,Default,Default,Default,Default,0000000000,Empty,RyuJit,Default,Arm64,8c5e7fda-e8bf-4a96-9a85-a6e23a8c635c,.NET 10.0,False,True,False,True,Default,Default,False,False,False,Default,Default,Default,Default,Default,Default,Default,Default,3,Default,1,Default,Default,Default,Default,Default,Default,16,3,64,29.872 μs,5.2847 μs,0.2897 μs,29.728 μs,6,2.2583,0.0610,12740 B
FanOut_BroadcastAsync,ShortRun,False,Default,Default,Default,Default,Default,Default,0000000000,Empty,RyuJit,Default,Arm64,8c5e7fda-e8bf-4a96-9a85-a6e23a8c635c,.NET 10.0,False,True,False,True,Default,Default,False,False,False,Default,Default,Default,Default,Default,Default,Default,Default,3,Default,1,Default,Default,Default,Default,Default,Default,16,3,64,20.220 μs,7.6261 μs,0.4180 μs,20.366 μs,5,2.8381,0.1221,17075 B
Window_FixedSizeAsync,ShortRun,False,Default,Default,Default,Default,Default,Default,0000000000,Empty,RyuJit,Default,Arm64,8c5e7fda-e8bf-4a96-9a85-a6e23a8c635c,.NET 10.0,False,True,False,True,Default,Default,False,False,False,Default,Default,Default,Default,Default,Default,Default,Default,3,Default,1,Default,Default,Default,Default,Default,Default,16,3,64,2.243 μs,0.7155 μs,0.0392 μs,2.246 μs,1,0.2251,0.0000,1424 B
Window_WithFailuresAsync,ShortRun,False,Default,Default,Default,Default,Default,Default,0000000000,Empty,RyuJit,Default,Arm64,8c5e7fda-e8bf-4a96-9a85-a6e23a8c635c,.NET 10.0,False,True,False,True,Default,Default,False,False,False,Default,Default,Default,Default,Default,Default,Default,Default,3,Default,1,Default,Default,Default,Default,Default,Default,16,3,64,2.175 μs,1.1494 μs,0.0630 μs,2.140 μs,1,0.1335,0.0000,840 B
Partition_PredicateAsync,ShortRun,False,Default,Default,Default,Default,Default,Default,0000000000,Empty,RyuJit,Default,Arm64,8c5e7fda-e8bf-4a96-9a85-a6e23a8c635c,.NET 10.0,False,True,False,True,Default,Default,False,False,False,Default,Default,Default,Default,Default,Default,Default,Default,3,Default,1,Default,Default,Default,Default,Default,Default,16,3,64,5.428 μs,1.4229 μs,0.0780 μs,5.385 μs,3,0.9537,0.0076,5952 B
ForEach_FailureStopsAsync,ShortRun,False,Default,Default,Default,Default,Default,Default,0000000000,Empty,RyuJit,Default,Arm64,8c5e7fda-e8bf-4a96-9a85-a6e23a8c635c,.NET 10.0,False,True,False,True,Default,Default,False,False,False,Default,Default,Default,Default,Default,Default,Default,Default,3,Default,1,Default,Default,Default,Default,Default,Default,16,3,64,22.274 μs,4.3504 μs,0.2385 μs,22.216 μs,5,0.0916,0.0000,690 B
ForEachLinkedCancellation_CallbackAsync,ShortRun,False,Default,Default,Default,Default,Default,Default,0000000000,Empty,RyuJit,Default,Arm64,8c5e7fda-e8bf-4a96-9a85-a6e23a8c635c,.NET 10.0,False,True,False,True,Default,Default,False,False,False,Default,Default,Default,Default,Default,Default,Default,Default,3,Default,1,Default,Default,Default,Default,Default,Default,16,3,64,155.630 μs,19.2933 μs,1.0575 μs,155.110 μs,12,0.4883,0.0000,3784 B
TapSuccessEach_WithFailureAsync,ShortRun,False,Default,Default,Default,Default,Default,Default,0000000000,Empty,RyuJit,Default,Arm64,8c5e7fda-e8bf-4a96-9a85-a6e23a8c635c,.NET 10.0,False,True,False,True,Default,Default,False,False,False,Default,Default,Default,Default,Default,Default,Default,Default,3,Default,1,Default,Default,Default,Default,Default,Default,16,3,64,132.655 μs,10.8040 μs,0.5922 μs,132.442 μs,11,0.0000,0.0000,672 B
TapSuccessEachAggregateErrors_AggregatesAsync,ShortRun,False,Default,Default,Default,Default,Default,Default,0000000000,Empty,RyuJit,Default,Arm64,8c5e7fda-e8bf-4a96-9a85-a6e23a8c635c,.NET 10.0,False,True,False,True,Default,Default,False,False,False,Default,Default,Default,Default,Default,Default,Default,Default,3,Default,1,Default,Default,Default,Default,Default,Default,16,3,64,131.625 μs,49.8879 μs,2.7345 μs,130.095 μs,11,0.2441,0.0000,2424 B
TapSuccessEachIgnoreErrors_IgnoresAsync,ShortRun,False,Default,Default,Default,Default,Default,Default,0000000000,Empty,RyuJit,Default,Arm64,8c5e7fda-e8bf-4a96-9a85-a6e23a8c635c,.NET 10.0,False,True,False,True,Default,Default,False,False,False,Default,Default,Default,Default,Default,Default,Default,Default,3,Default,1,Default,Default,Default,Default,Default,Default,16,3,64,135.252 μs,6.6135 μs,0.3625 μs,135.077 μs,11,0.0000,0.0000,672 B
TapFailureEach_WithFailuresAsync,ShortRun,False,Default,Default,Default,Default,Default,Default,0000000000,Empty,RyuJit,Default,Arm64,8c5e7fda-e8bf-4a96-9a85-a6e23a8c635c,.NET 10.0,False,True,False,True,Default,Default,False,False,False,Default,Default,Default,Default,Default,Default,Default,Default,3,Default,1,Default,Default,Default,Default,Default,Default,16,3,64,153.783 μs,14.4683 μs,0.7931 μs,153.845 μs,12,0.0000,0.0000,672 B
TapFailureEachAggregateErrors_AggregatesAsync,ShortRun,False,Default,Default,Default,Default,Default,Default,0000000000,Empty,RyuJit,Default,Arm64,8c5e7fda-e8bf-4a96-9a85-a6e23a8c635c,.NET 10.0,False,True,False,True,Default,Default,False,False,False,Default,Default,Default,Default,Default,Default,Default,Default,3,Default,1,Default,Default,Default,Default,Default,Default,16,3,64,153.447 μs,6.8752 μs,0.3769 μs,153.337 μs,12,0.4883,0.0000,3680 B
TapFailureEachIgnoreErrors_IgnoresAsync,ShortRun,False,Default,Default,Default,Default,Default,Default,0000000000,Empty,RyuJit,Default,Arm64,8c5e7fda-e8bf-4a96-9a85-a6e23a8c635c,.NET 10.0,False,True,False,True,Default,Default,False,False,False,Default,Default,Default,Default,Default,Default,Default,Default,3,Default,1,Default,Default,Default,Default,Default,Default,16,3,64,152.454 μs,44.1502 μs,2.4200 μs,152.337 μs,12,0.0000,0.0000,672 B
CollectErrors_AggregateAsync,ShortRun,False,Default,Default,Default,Default,Default,Default,0000000000,Empty,RyuJit,Default,Arm64,8c5e7fda-e8bf-4a96-9a85-a6e23a8c635c,.NET 10.0,False,True,False,True,Default,Default,False,False,False,Default,Default,Default,Default,Default,Default,Default,Default,3,Default,1,Default,Default,Default,Default,Default,Default,16,3,64,2.430 μs,0.0991 μs,0.0054 μs,2.432 μs,1,0.4807,0.0000,3008 B
MapStream_AllSuccessAsync,default,False,Default,Default,Default,Default,Default,Default,0000000000,Empty,RyuJit,Default,Arm64,8c5e7fda-e8bf-4a96-9a85-a6e23a8c635c,.NET 10.0,False,True,False,True,Default,Default,False,False,True,Default,Default,Default,Default,Default,Default,Default,Default,Default,Default,Default,Default,Default,Default,Default,Default,Default,16,Default,64,3.914 μs,0.0494 μs,0.0438 μs,3.892 μs,2,0.0076,0.0000,824 B
MapStream_FailureShortCircuitAsync,default,False,Default,Default,Default,Default,Default,Default,0000000000,Empty,RyuJit,Default,Arm64,8c5e7fda-e8bf-4a96-9a85-a6e23a8c635c,.NET 10.0,False,True,False,True,Default,Default,False,False,True,Default,Default,Default,Default,Default,Default,Default,Default,Default,Default,Default,Default,Default,Default,Default,Default,Default,16,Default,64,2.518 μs,0.0487 μs,0.0479 μs,2.502 μs,1,0.0076,0.0000,824 B
FlatMapStream_AllSuccessAsync,default,False,Default,Default,Default,Default,Default,Default,0000000000,Empty,RyuJit,Default,Arm64,8c5e7fda-e8bf-4a96-9a85-a6e23a8c635c,.NET 10.0,False,True,False,True,Default,Default,False,False,True,Default,Default,Default,Default,Default,Default,Default,Default,Default,Default,Default,Default,Default,Default,Default,Default,Default,16,Default,64,43.831 μs,0.8737 μs,1.8993 μs,43.693 μs,7,0.1831,0.0000,15151 B
FlatMap_InnerFailureAsync,default,False,Default,Default,Default,Default,Default,Default,0000000000,Empty,RyuJit,Default,Arm64,8c5e7fda-e8bf-4a96-9a85-a6e23a8c635c,.NET 10.0,False,True,False,True,Default,Default,False,False,True,Default,Default,Default,Default,Default,Default,Default,Default,Default,Default,Default,Default,Default,Default,Default,Default,Default,16,Default,64,26.178 μs,0.5312 μs,1.5494 μs,25.892 μs,6,0.0916,0.0000,8914 B
FilterStream_PredicateAsync,default,False,Default,Default,Default,Default,Default,Default,0000000000,Empty,RyuJit,Default,Arm64,8c5e7fda-e8bf-4a96-9a85-a6e23a8c635c,.NET 10.0,False,True,False,True,Default,Default,False,False,True,Default,Default,Default,Default,Default,Default,Default,Default,Default,Default,Default,Default,Default,Default,Default,Default,Default,16,Default,64,2.509 μs,0.0491 μs,0.0504 μs,2.508 μs,1,0.0076,0.0000,688 B
ToChannel_UnboundedAsync,default,False,Default,Default,Default,Default,Default,Default,0000000000,Empty,RyuJit,Default,Arm64,8c5e7fda-e8bf-4a96-9a85-a6e23a8c635c,.NET 10.0,False,True,False,True,Default,Default,False,False,True,Default,Default,Default,Default,Default,Default,Default,Default,Default,Default,Default,Default,Default,Default,Default,Default,Default,16,Default,64,5.265 μs,0.1033 μs,0.1014 μs,5.251 μs,3,0.0687,0.0000,5464 B
ReadAll_ChannelDrainAsync,default,False,Default,Default,Default,Default,Default,Default,0000000000,Empty,RyuJit,Default,Arm64,8c5e7fda-e8bf-4a96-9a85-a6e23a8c635c,.NET 10.0,False,True,False,True,Default,Default,False,False,True,Default,Default,Default,Default,Default,Default,Default,Default,Default,Default,Default,Default,Default,Default,Default,Default,Default,16,Default,64,2.839 μs,0.0076 μs,0.0071 μs,2.837 μs,1,0.0610,0.0000,4752 B
FanIn_MergeSourcesAsync,default,False,Default,Default,Default,Default,Default,Default,0000000000,Empty,RyuJit,Default,Arm64,8c5e7fda-e8bf-4a96-9a85-a6e23a8c635c,.NET 10.0,False,True,False,True,Default,Default,False,False,True,Default,Default,Default,Default,Default,Default,Default,Default,Default,Default,Default,Default,Default,Default,Default,Default,Default,16,Default,64,30.401 μs,0.1647 μs,0.1460 μs,30.442 μs,6,0.1526,0.0000,12738 B
FanOut_BroadcastAsync,default,False,Default,Default,Default,Default,Default,Default,0000000000,Empty,RyuJit,Default,Arm64,8c5e7fda-e8bf-4a96-9a85-a6e23a8c635c,.NET 10.0,False,True,False,True,Default,Default,False,False,True,Default,Default,Default,Default,Default,Default,Default,Default,Default,Default,Default,Default,Default,Default,Default,Default,Default,16,Default,64,21.280 μs,0.2069 μs,0.1936 μs,21.237 μs,5,0.2136,0.0000,17082 B
Window_FixedSizeAsync,default,False,Default,Default,Default,Default,Default,Default,0000000000,Empty,RyuJit,Default,Arm64,8c5e7fda-e8bf-4a96-9a85-a6e23a8c635c,.NET 10.0,False,True,False,True,Default,Default,False,False,True,Default,Default,Default,Default,Default,Default,Default,Default,Default,Default,Default,Default,Default,Default,Default,Default,Default,16,Default,64,2.231 μs,0.0402 μs,0.0376 μs,2.219 μs,1,0.0153,0.0000,1424 B
Window_WithFailuresAsync,default,False,Default,Default,Default,Default,Default,Default,0000000000,Empty,RyuJit,Default,Arm64,8c5e7fda-e8bf-4a96-9a85-a6e23a8c635c,.NET 10.0,False,True,False,True,Default,Default,False,False,True,Default,Default,Default,Default,Default,Default,Default,Default,Default,Default,Default,Default,Default,Default,Default,Default,Default,16,Default,64,2.153 μs,0.0308 μs,0.0273 μs,2.151 μs,1,0.0076,0.0000,840 B
Partition_PredicateAsync,default,False,Default,Default,Default,Default,Default,Default,0000000000,Empty,RyuJit,Default,Arm64,8c5e7fda-e8bf-4a96-9a85-a6e23a8c635c,.NET 10.0,False,True,False,True,Default,Default,False,False,True,Default,Default,Default,Default,Default,Default,Default,Default,Default,Default,Default,Default,Default,Default,Default,Default,Default,16,Default,64,5.399 μs,0.0764 μs,0.0678 μs,5.400 μs,3,0.0763,0.0000,5952 B
ForEach_FailureStopsAsync,default,False,Default,Default,Default,Default,Default,Default,0000000000,Empty,RyuJit,Default,Arm64,8c5e7fda-e8bf-4a96-9a85-a6e23a8c635c,.NET 10.0,False,True,False,True,Default,Default,False,False,True,Default,Default,Default,Default,Default,Default,Default,Default,Default,Default,Default,Default,Default,Default,Default,Default,Default,16,Default,64,22.080 μs,0.1197 μs,0.1061 μs,22.065 μs,5,0.0000,0.0000,676 B
ForEachLinkedCancellation_CallbackAsync,default,False,Default,Default,Default,Default,Default,Default,0000000000,Empty,RyuJit,Default,Arm64,8c5e7fda-e8bf-4a96-9a85-a6e23a8c635c,.NET 10.0,False,True,False,True,Default,Default,False,False,True,Default,Default,Default,Default,Default,Default,Default,Default,Default,Default,Default,Default,Default,Default,Default,Default,Default,16,Default,64,153.359 μs,1.1328 μs,1.0596 μs,153.451 μs,12,0.0000,0.0000,3784 B
TapSuccessEach_WithFailureAsync,default,False,Default,Default,Default,Default,Default,Default,0000000000,Empty,RyuJit,Default,Arm64,8c5e7fda-e8bf-4a96-9a85-a6e23a8c635c,.NET 10.0,False,True,False,True,Default,Default,False,False,True,Default,Default,Default,Default,Default,Default,Default,Default,Default,Default,Default,Default,Default,Default,Default,Default,Default,16,Default,64,131.523 μs,0.3891 μs,0.3449 μs,131.454 μs,11,0.0000,0.0000,672 B
TapSuccessEachAggregateErrors_AggregatesAsync,default,False,Default,Default,Default,Default,Default,Default,0000000000,Empty,RyuJit,Default,Arm64,8c5e7fda-e8bf-4a96-9a85-a6e23a8c635c,.NET 10.0,False,True,False,True,Default,Default,False,False,True,Default,Default,Default,Default,Default,Default,Default,Default,Default,Default,Default,Default,Default,Default,Default,Default,Default,16,Default,64,134.372 μs,0.3925 μs,0.3671 μs,134.468 μs,11,0.0000,0.0000,2424 B
TapSuccessEachIgnoreErrors_IgnoresAsync,default,False,Default,Default,Default,Default,Default,Default,0000000000,Empty,RyuJit,Default,Arm64,8c5e7fda-e8bf-4a96-9a85-a6e23a8c635c,.NET 10.0,False,True,False,True,Default,Default,False,False,True,Default,Default,Default,Default,Default,Default,Default,Default,Default,Default,Default,Default,Default,Default,Default,Default,Default,16,Default,64,138.227 μs,0.3632 μs,0.3220 μs,138.157 μs,11,0.0000,0.0000,672 B
TapFailureEach_WithFailuresAsync,default,False,Default,Default,Default,Default,Default,Default,0000000000,Empty,RyuJit,Default,Arm64,8c5e7fda-e8bf-4a96-9a85-a6e23a8c635c,.NET 10.0,False,True,False,True,Default,Default,False,False,True,Default,Default,Default,Default,Default,Default,Default,Default,Default,Default,Default,Default,Default,Default,Default,Default,Default,16,Default,64,158.639 μs,0.5273 μs,0.4932 μs,158.511 μs,12,0.0000,0.0000,672 B
TapFailureEachAggregateErrors_AggregatesAsync,default,False,Default,Default,Default,Default,Default,Default,0000000000,Empty,RyuJit,Default,Arm64,8c5e7fda-e8bf-4a96-9a85-a6e23a8c635c,.NET 10.0,False,True,False,True,Default,Default,False,False,True,Default,Default,Default,Default,Default,Default,Default,Default,Default,Default,Default,Default,Default,Default,Default,Default,Default,16,Default,64,153.407 μs,0.3322 μs,0.2945 μs,153.413 μs,12,0.0000,0.0000,3680 B
TapFailureEachIgnoreErrors_IgnoresAsync,default,False,Default,Default,Default,Default,Default,Default,0000000000,Empty,RyuJit,Default,Arm64,8c5e7fda-e8bf-4a96-9a85-a6e23a8c635c,.NET 10.0,False,True,False,True,Default,Default,False,False,True,Default,Default,Default,Default,Default,Default,Default,Default,Default,Default,Default,Default,Default,Default,Default,Default,Default,16,Default,64,150.035 μs,0.1705 μs,0.1331 μs,150.003 μs,12,0.0000,0.0000,672 B
CollectErrors_AggregateAsync,default,False,Default,Default,Default,Default,Default,Default,0000000000,Empty,RyuJit,Default,Arm64,8c5e7fda-e8bf-4a96-9a85-a6e23a8c635c,.NET 10.0,False,True,False,True,Default,Default,False,False,True,Default,Default,Default,Default,Default,Default,Default,Default,Default,Default,Default,Default,Default,Default,Default,Default,Default,16,Default,64,2.463 μs,0.0472 μs,0.0505 μs,2.459 μs,1,0.0381,0.0000,3008 B
MapStream_AllSuccessAsync,diag,False,Default,Default,Default,Default,Default,Default,0000000000,HUGO_BENCH_DIAGNOSTICS=1,RyuJit,Default,Arm64,8c5e7fda-e8bf-4a96-9a85-a6e23a8c635c,.NET 10.0,False,True,False,True,Default,Default,False,False,True,Default,Default,Default,Default,Default,Default,Default,Default,Default,Default,Default,Default,Default,Default,Default,Default,Default,16,Default,64,3.909 μs,0.0516 μs,0.0458 μs,3.909 μs,2,0.0076,0.0000,824 B
MapStream_FailureShortCircuitAsync,diag,False,Default,Default,Default,Default,Default,Default,0000000000,HUGO_BENCH_DIAGNOSTICS=1,RyuJit,Default,Arm64,8c5e7fda-e8bf-4a96-9a85-a6e23a8c635c,.NET 10.0,False,True,False,True,Default,Default,False,False,True,Default,Default,Default,Default,Default,Default,Default,Default,Default,Default,Default,Default,Default,Default,Default,Default,Default,16,Default,64,2.482 μs,0.0400 μs,0.0374 μs,2.483 μs,1,0.0076,0.0000,824 B
FlatMapStream_AllSuccessAsync,diag,False,Default,Default,Default,Default,Default,Default,0000000000,HUGO_BENCH_DIAGNOSTICS=1,RyuJit,Default,Arm64,8c5e7fda-e8bf-4a96-9a85-a6e23a8c635c,.NET 10.0,False,True,False,True,Default,Default,False,False,True,Default,Default,Default,Default,Default,Default,Default,Default,Default,Default,Default,Default,Default,Default,Default,Default,Default,16,Default,64,42.350 μs,0.8386 μs,1.4465 μs,42.522 μs,7,0.1831,0.0000,15151 B
FlatMap_InnerFailureAsync,diag,False,Default,Default,Default,Default,Default,Default,0000000000,HUGO_BENCH_DIAGNOSTICS=1,RyuJit,Default,Arm64,8c5e7fda-e8bf-4a96-9a85-a6e23a8c635c,.NET 10.0,False,True,False,True,Default,Default,False,False,True,Default,Default,Default,Default,Default,Default,Default,Default,Default,Default,Default,Default,Default,Default,Default,Default,Default,16,Default,64,25.412 μs,0.5072 μs,1.2817 μs,25.405 μs,6,0.0916,0.0000,8913 B
FilterStream_PredicateAsync,diag,False,Default,Default,Default,Default,Default,Default,0000000000,HUGO_BENCH_DIAGNOSTICS=1,RyuJit,Default,Arm64,8c5e7fda-e8bf-4a96-9a85-a6e23a8c635c,.NET 10.0,False,True,False,True,Default,Default,False,False,True,Default,Default,Default,Default,Default,Default,Default,Default,Default,Default,Default,Default,Default,Default,Default,Default,Default,16,Default,64,2.503 μs,0.0330 μs,0.0309 μs,2.507 μs,1,0.0076,0.0000,688 B
ToChannel_UnboundedAsync,diag,False,Default,Default,Default,Default,Default,Default,0000000000,HUGO_BENCH_DIAGNOSTICS=1,RyuJit,Default,Arm64,8c5e7fda-e8bf-4a96-9a85-a6e23a8c635c,.NET 10.0,False,True,False,True,Default,Default,False,False,True,Default,Default,Default,Default,Default,Default,Default,Default,Default,Default,Default,Default,Default,Default,Default,Default,Default,16,Default,64,5.281 μs,0.0809 μs,0.0757 μs,5.273 μs,3,0.0687,0.0000,5464 B
ReadAll_ChannelDrainAsync,diag,False,Default,Default,Default,Default,Default,Default,0000000000,HUGO_BENCH_DIAGNOSTICS=1,RyuJit,Default,Arm64,8c5e7fda-e8bf-4a96-9a85-a6e23a8c635c,.NET 10.0,False,True,False,True,Default,Default,False,False,True,Default,Default,Default,Default,Default,Default,Default,Default,Default,Default,Default,Default,Default,Default,Default,Default,Default,16,Default,64,2.837 μs,0.0073 μs,0.0065 μs,2.836 μs,1,0.0610,0.0000,4752 B
FanIn_MergeSourcesAsync,diag,False,Default,Default,Default,Default,Default,Default,0000000000,HUGO_BENCH_DIAGNOSTICS=1,RyuJit,Default,Arm64,8c5e7fda-e8bf-4a96-9a85-a6e23a8c635c,.NET 10.0,False,True,False,True,Default,Default,False,False,True,Default,Default,Default,Default,Default,Default,Default,Default,Default,Default,Default,Default,Default,Default,Default,Default,Default,16,Default,64,32.763 μs,0.3991 μs,0.3538 μs,32.775 μs,6,0.1221,0.0000,12737 B
FanOut_BroadcastAsync,diag,False,Default,Default,Default,Default,Default,Default,0000000000,HUGO_BENCH_DIAGNOSTICS=1,RyuJit,Default,Arm64,8c5e7fda-e8bf-4a96-9a85-a6e23a8c635c,.NET 10.0,False,True,False,True,Default,Default,False,False,True,Default,Default,Default,Default,Default,Default,Default,Default,Default,Default,Default,Default,Default,Default,Default,Default,Default,16,Default,64,21.264 μs,0.1169 μs,0.1036 μs,21.275 μs,5,0.2136,0.0000,17081 B
Window_FixedSizeAsync,diag,False,Default,Default,Default,Default,Default,Default,0000000000,HUGO_BENCH_DIAGNOSTICS=1,RyuJit,Default,Arm64,8c5e7fda-e8bf-4a96-9a85-a6e23a8c635c,.NET 10.0,False,True,False,True,Default,Default,False,False,True,Default,Default,Default,Default,Default,Default,Default,Default,Default,Default,Default,Default,Default,Default,Default,Default,Default,16,Default,64,2.244 μs,0.0439 μs,0.0411 μs,2.235 μs,1,0.0153,0.0000,1424 B
Window_WithFailuresAsync,diag,False,Default,Default,Default,Default,Default,Default,0000000000,HUGO_BENCH_DIAGNOSTICS=1,RyuJit,Default,Arm64,8c5e7fda-e8bf-4a96-9a85-a6e23a8c635c,.NET 10.0,False,True,False,True,Default,Default,False,False,True,Default,Default,Default,Default,Default,Default,Default,Default,Default,Default,Default,Default,Default,Default,Default,Default,Default,16,Default,64,2.181 μs,0.0324 μs,0.0287 μs,2.174 μs,1,0.0076,0.0000,840 B
Partition_PredicateAsync,diag,False,Default,Default,Default,Default,Default,Default,0000000000,HUGO_BENCH_DIAGNOSTICS=1,RyuJit,Default,Arm64,8c5e7fda-e8bf-4a96-9a85-a6e23a8c635c,.NET 10.0,False,True,False,True,Default,Default,False,False,True,Default,Default,Default,Default,Default,Default,Default,Default,Default,Default,Default,Default,Default,Default,Default,Default,Default,16,Default,64,5.402 μs,0.0728 μs,0.0645 μs,5.426 μs,3,0.0763,0.0000,5952 B
ForEach_FailureStopsAsync,diag,False,Default,Default,Default,Default,Default,Default,0000000000,HUGO_BENCH_DIAGNOSTICS=1,RyuJit,Default,Arm64,8c5e7fda-e8bf-4a96-9a85-a6e23a8c635c,.NET 10.0,False,True,False,True,Default,Default,False,False,True,Default,Default,Default,Default,Default,Default,Default,Default,Default,Default,Default,Default,Default,Default,Default,Default,Default,16,Default,64,22.929 μs,0.4561 μs,0.6393 μs,23.125 μs,5,0.0000,0.0000,682 B
ForEachLinkedCancellation_CallbackAsync,diag,False,Default,Default,Default,Default,Default,Default,0000000000,HUGO_BENCH_DIAGNOSTICS=1,RyuJit,Default,Arm64,8c5e7fda-e8bf-4a96-9a85-a6e23a8c635c,.NET 10.0,False,True,False,True,Default,Default,False,False,True,Default,Default,Default,Default,Default,Default,Default,Default,Default,Default,Default,Default,Default,Default,Default,Default,Default,16,Default,64,162.569 μs,1.7182 μs,1.5231 μs,162.490 μs,12,0.0000,0.0000,3784 B
TapSuccessEach_WithFailureAsync,diag,False,Default,Default,Default,Default,Default,Default,0000000000,HUGO_BENCH_DIAGNOSTICS=1,RyuJit,Default,Arm64,8c5e7fda-e8bf-4a96-9a85-a6e23a8c635c,.NET 10.0,False,True,False,True,Default,Default,False,False,True,Default,Default,Default,Default,Default,Default,Default,Default,Default,Default,Default,Default,Default,Default,Default,Default,Default,16,Default,64,134.573 μs,1.7125 μs,1.5181 μs,135.013 μs,11,0.0000,0.0000,672 B
TapSuccessEachAggregateErrors_AggregatesAsync,diag,False,Default,Default,Default,Default,Default,Default,0000000000,HUGO_BENCH_DIAGNOSTICS=1,RyuJit,Default,Arm64,8c5e7fda-e8bf-4a96-9a85-a6e23a8c635c,.NET 10.0,False,True,False,True,Default,Default,False,False,True,Default,Default,Default,Default,Default,Default,Default,Default,Default,Default,Default,Default,Default,Default,Default,Default,Default,16,Default,64,140.599 μs,2.7534 μs,2.5755 μs,139.980 μs,11,0.0000,0.0000,2424 B
TapSuccessEachIgnoreErrors_IgnoresAsync,diag,False,Default,Default,Default,Default,Default,Default,0000000000,HUGO_BENCH_DIAGNOSTICS=1,RyuJit,Default,Arm64,8c5e7fda-e8bf-4a96-9a85-a6e23a8c635c,.NET 10.0,False,True,False,True,Default,Default,False,False,True,Default,Default,Default,Default,Default,Default,Default,Default,Default,Default,Default,Default,Default,Default,Default,Default,Default,16,Default,64,140.089 μs,2.7419 μs,4.5050 μs,138.797 μs,11,0.0000,0.0000,672 B
TapFailureEach_WithFailuresAsync,diag,False,Default,Default,Default,Default,Default,Default,0000000000,HUGO_BENCH_DIAGNOSTICS=1,RyuJit,Default,Arm64,8c5e7fda-e8bf-4a96-9a85-a6e23a8c635c,.NET 10.0,False,True,False,True,Default,Default,False,False,True,Default,Default,Default,Default,Default,Default,Default,Default,Default,Default,Default,Default,Default,Default,Default,Default,Default,16,Default,64,157.718 μs,1.0894 μs,0.8505 μs,157.432 μs,12,0.0000,0.0000,672 B
TapFailureEachAggregateErrors_AggregatesAsync,diag,False,Default,Default,Default,Default,Default,Default,0000000000,HUGO_BENCH_DIAGNOSTICS=1,RyuJit,Default,Arm64,8c5e7fda-e8bf-4a96-9a85-a6e23a8c635c,.NET 10.0,False,True,False,True,Default,Default,False,False,True,Default,Default,Default,Default,Default,Default,Default,Default,Default,Default,Default,Default,Default,Default,Default,Default,Default,16,Default,64,165.769 μs,2.7161 μs,2.2681 μs,165.366 μs,12,0.0000,0.0000,3680 B
TapFailureEachIgnoreErrors_IgnoresAsync,diag,False,Default,Default,Default,Default,Default,Default,0000000000,HUGO_BENCH_DIAGNOSTICS=1,RyuJit,Default,Arm64,8c5e7fda-e8bf-4a96-9a85-a6e23a8c635c,.NET 10.0,False,True,False,True,Default,Default,False,False,True,Default,Default,Default,Default,Default,Default,Default,Default,Default,Default,Default,Default,Default,Default,Default,Default,Default,16,Default,64,165.280 μs,2.8457 μs,2.5227 μs,164.598 μs,12,0.0000,0.0000,672 B
CollectErrors_AggregateAsync,diag,False,Default,Default,Default,Default,Default,Default,0000000000,HUGO_BENCH_DIAGNOSTICS=1,RyuJit,Default,Arm64,8c5e7fda-e8bf-4a96-9a85-a6e23a8c635c,.NET 10.0,False,True,False,True,Default,Default,False,False,True,Default,Default,Default,Default,Default,Default,Default,Default,Default,Default,Default,Default,Default,Default,Default,Default,Default,16,Default,64,2.686 μs,0.0532 μs,0.0498 μs,2.675 μs,1,0.0381,0.0000,3008 B
MapStream_AllSuccessAsync,quick,False,Default,Default,Default,Default,Default,Default,0000000000,Empty,RyuJit,Default,Arm64,8c5e7fda-e8bf-4a96-9a85-a6e23a8c635c,.NET 10.0,False,True,False,True,Default,Default,False,False,True,Default,Default,Default,Default,Default,Default,Default,Default,3,Default,1,Default,Default,Default,Default,Default,Default,16,3,64,4.268 μs,3.3447 μs,0.1833 μs,4.165 μs,2,0.0076,0.0000,824 B
MapStream_FailureShortCircuitAsync,quick,False,Default,Default,Default,Default,Default,Default,0000000000,Empty,RyuJit,Default,Arm64,8c5e7fda-e8bf-4a96-9a85-a6e23a8c635c,.NET 10.0,False,True,False,True,Default,Default,False,False,True,Default,Default,Default,Default,Default,Default,Default,Default,3,Default,1,Default,Default,Default,Default,Default,Default,16,3,64,2.749 μs,0.6825 μs,0.0374 μs,2.755 μs,1,0.0076,0.0000,824 B
FlatMapStream_AllSuccessAsync,quick,False,Default,Default,Default,Default,Default,Default,0000000000,Empty,RyuJit,Default,Arm64,8c5e7fda-e8bf-4a96-9a85-a6e23a8c635c,.NET 10.0,False,True,False,True,Default,Default,False,False,True,Default,Default,Default,Default,Default,Default,Default,Default,3,Default,1,Default,Default,Default,Default,Default,Default,16,3,64,53.892 μs,30.6815 μs,1.6818 μs,54.419 μs,7,0.1831,0.0000,15150 B
FlatMap_InnerFailureAsync,quick,False,Default,Default,Default,Default,Default,Default,0000000000,Empty,RyuJit,Default,Arm64,8c5e7fda-e8bf-4a96-9a85-a6e23a8c635c,.NET 10.0,False,True,False,True,Default,Default,False,False,True,Default,Default,Default,Default,Default,Default,Default,Default,3,Default,1,Default,Default,Default,Default,Default,Default,16,3,64,30.875 μs,9.2510 μs,0.5071 μs,30.653 μs,6,0.0000,0.0000,8910 B
FilterStream_PredicateAsync,quick,False,Default,Default,Default,Default,Default,Default,0000000000,Empty,RyuJit,Default,Arm64,8c5e7fda-e8bf-4a96-9a85-a6e23a8c635c,.NET 10.0,False,True,False,True,Default,Default,False,False,True,Default,Default,Default,Default,Default,Default,Default,Default,3,Default,1,Default,Default,Default,Default,Default,Default,16,3,64,2.649 μs,0.4672 μs,0.0256 μs,2.646 μs,1,0.0076,0.0000,688 B
ToChannel_UnboundedAsync,quick,False,Default,Default,Default,Default,Default,Default,0000000000,Empty,RyuJit,Default,Arm64,8c5e7fda-e8bf-4a96-9a85-a6e23a8c635c,.NET 10.0,False,True,False,True,Default,Default,False,False,True,Default,Default,Default,Default,Default,Default,Default,Default,3,Default,1,Default,Default,Default,Default,Default,Default,16,3,64,5.692 μs,0.6722 μs,0.0368 μs,5.684 μs,3,0.0687,0.0000,5464 B
ReadAll_ChannelDrainAsync,quick,False,Default,Default,Default,Default,Default,Default,0000000000,Empty,RyuJit,Default,Arm64,8c5e7fda-e8bf-4a96-9a85-a6e23a8c635c,.NET 10.0,False,True,False,True,Default,Default,False,False,True,Default,Default,Default,Default,Default,Default,Default,Default,3,Default,1,Default,Default,Default,Default,Default,Default,16,3,64,2.895 μs,0.4790 μs,0.0263 μs,2.900 μs,1,0.0610,0.0000,4752 B
FanIn_MergeSourcesAsync,quick,False,Default,Default,Default,Default,Default,Default,0000000000,Empty,RyuJit,Default,Arm64,8c5e7fda-e8bf-4a96-9a85-a6e23a8c635c,.NET 10.0,False,True,False,True,Default,Default,False,False,True,Default,Default,Default,Default,Default,Default,Default,Default,3,Default,1,Default,Default,Default,Default,Default,Default,16,3,64,28.655 μs,4.7907 μs,0.2626 μs,28.725 μs,6,0.1526,0.0000,12743 B
FanOut_BroadcastAsync,quick,False,Default,Default,Default,Default,Default,Default,0000000000,Empty,RyuJit,Default,Arm64,8c5e7fda-e8bf-4a96-9a85-a6e23a8c635c,.NET 10.0,False,True,False,True,Default,Default,False,False,True,Default,Default,Default,Default,Default,Default,Default,Default,3,Default,1,Default,Default,Default,Default,Default,Default,16,3,64,21.577 μs,4.6178 μs,0.2531 μs,21.458 μs,5,0.2136,0.0000,17080 B
Window_FixedSizeAsync,quick,False,Default,Default,Default,Default,Default,Default,0000000000,Empty,RyuJit,Default,Arm64,8c5e7fda-e8bf-4a96-9a85-a6e23a8c635c,.NET 10.0,False,True,False,True,Default,Default,False,False,True,Default,Default,Default,Default,Default,Default,Default,Default,3,Default,1,Default,Default,Default,Default,Default,Default,16,3,64,2.421 μs,1.4386 μs,0.0789 μs,2.391 μs,1,0.0153,0.0000,1424 B
Window_WithFailuresAsync,quick,False,Default,Default,Default,Default,Default,Default,0000000000,Empty,RyuJit,Default,Arm64,8c5e7fda-e8bf-4a96-9a85-a6e23a8c635c,.NET 10.0,False,True,False,True,Default,Default,False,False,True,Default,Default,Default,Default,Default,Default,Default,Default,3,Default,1,Default,Default,Default,Default,Default,Default,16,3,64,2.384 μs,1.0896 μs,0.0597 μs,2.356 μs,1,0.0076,0.0000,840 B
Partition_PredicateAsync,quick,False,Default,Default,Default,Default,Default,Default,0000000000,Empty,RyuJit,Default,Arm64,8c5e7fda-e8bf-4a96-9a85-a6e23a8c635c,.NET 10.0,False,True,False,True,Default,Default,False,False,True,Default,Default,Default,Default,Default,Default,Default,Default,3,Default,1,Default,Default,Default,Default,Default,Default,16,3,64,5.778 μs,2.1157 μs,0.1160 μs,5.762 μs,3,0.0763,0.0000,5952 B
ForEach_FailureStopsAsync,quick,False,Default,Default,Default,Default,Default,Default,0000000000,Empty,RyuJit,Default,Arm64,8c5e7fda-e8bf-4a96-9a85-a6e23a8c635c,.NET 10.0,False,True,False,True,Default,Default,False,False,True,Default,Default,Default,Default,Default,Default,Default,Default,3,Default,1,Default,Default,Default,Default,Default,Default,16,3,64,23.146 μs,3.7997 μs,0.2083 μs,23.209 μs,5,0.0000,0.0000,687 B
ForEachLinkedCancellation_CallbackAsync,quick,False,Default,Default,Default,Default,Default,Default,0000000000,Empty,RyuJit,Default,Arm64,8c5e7fda-e8bf-4a96-9a85-a6e23a8c635c,.NET 10.0,False,True,False,True,Default,Default,False,False,True,Default,Default,Default,Default,Default,Default,Default,Default,3,Default,1,Default,Default,Default,Default,Default,Default,16,3,64,304.461 μs,"4,549.6810 μs",249.3834 μs,160.841 μs,13,0.0000,0.0000,3784 B
TapSuccessEach_WithFailureAsync,quick,False,Default,Default,Default,Default,Default,Default,0000000000,Empty,RyuJit,Default,Arm64,8c5e7fda-e8bf-4a96-9a85-a6e23a8c635c,.NET 10.0,False,True,False,True,Default,Default,False,False,True,Default,Default,Default,Default,Default,Default,Default,Default,3,Default,1,Default,Default,Default,Default,Default,Default,16,3,64,139.593 μs,35.2363 μs,1.9314 μs,139.053 μs,11,0.0000,0.0000,672 B
TapSuccessEachAggregateErrors_AggregatesAsync,quick,False,Default,Default,Default,Default,Default,Default,0000000000,Empty,RyuJit,Default,Arm64,8c5e7fda-e8bf-4a96-9a85-a6e23a8c635c,.NET 10.0,False,True,False,True,Default,Default,False,False,True,Default,Default,Default,Default,Default,Default,Default,Default,3,Default,1,Default,Default,Default,Default,Default,Default,16,3,64,139.638 μs,10.1172 μs,0.5546 μs,139.805 μs,11,0.0000,0.0000,2424 B
TapSuccessEachIgnoreErrors_IgnoresAsync,quick,False,Default,Default,Default,Default,Default,Default,0000000000,Empty,RyuJit,Default,Arm64,8c5e7fda-e8bf-4a96-9a85-a6e23a8c635c,.NET 10.0,False,True,False,True,Default,Default,False,False,True,Default,Default,Default,Default,Default,Default,Default,Default,3,Default,1,Default,Default,Default,Default,Default,Default,16,3,64,135.208 μs,15.1921 μs,0.8327 μs,135.280 μs,11,0.0000,0.0000,672 B
TapFailureEach_WithFailuresAsync,quick,False,Default,Default,Default,Default,Default,Default,0000000000,Empty,RyuJit,Default,Arm64,8c5e7fda-e8bf-4a96-9a85-a6e23a8c635c,.NET 10.0,False,True,False,True,Default,Default,False,False,True,Default,Default,Default,Default,Default,Default,Default,Default,3,Default,1,Default,Default,Default,Default,Default,Default,16,3,64,154.559 μs,11.3266 μs,0.6208 μs,154.502 μs,12,0.0000,0.0000,672 B
TapFailureEachAggregateErrors_AggregatesAsync,quick,False,Default,Default,Default,Default,Default,Default,0000000000,Empty,RyuJit,Default,Arm64,8c5e7fda-e8bf-4a96-9a85-a6e23a8c635c,.NET 10.0,False,True,False,True,Default,Default,False,False,True,Default,Default,Default,Default,Default,Default,Default,Default,3,Default,1,Default,Default,Default,Default,Default,Default,16,3,64,159.249 μs,12.3379 μs,0.6763 μs,158.890 μs,12,0.0000,0.0000,3680 B
TapFailureEachIgnoreErrors_IgnoresAsync,quick,False,Default,Default,Default,Default,Default,Default,0000000000,Empty,RyuJit,Default,Arm64,8c5e7fda-e8bf-4a96-9a85-a6e23a8c635c,.NET 10.0,False,True,False,True,Default,Default,False,False,True,Default,Default,Default,Default,Default,Default,Default,Default,3,Default,1,Default,Default,Default,Default,Default,Default,16,3,64,152.291 μs,10.0837 μs,0.5527 μs,152.385 μs,12,0.0000,0.0000,672 B
CollectErrors_AggregateAsync,quick,False,Default,Default,Default,Default,Default,Default,0000000000,Empty,RyuJit,Default,Arm64,8c5e7fda-e8bf-4a96-9a85-a6e23a8c635c,.NET 10.0,False,True,False,True,Default,Default,False,False,True,Default,Default,Default,Default,Default,Default,Default,Default,3,Default,1,Default,Default,Default,Default,Default,Default,16,3,64,2.741 μs,0.4647 μs,0.0255 μs,2.743 μs,1,0.0381,0.0000,3008 B
MapStream_AllSuccessAsync,ShortRun,False,Default,Default,Default,Default,Default,Default,0000000000,Empty,RyuJit,Default,Arm64,8c5e7fda-e8bf-4a96-9a85-a6e23a8c635c,.NET 10.0,False,True,False,True,Default,Default,False,False,False,Default,Default,Default,Default,Default,Default,Default,Default,3,Default,1,Default,Default,Default,Default,Default,Default,16,3,256,21.497 μs,35.1967 μs,1.9293 μs,20.657 μs,5,0.1221,0.0000,865 B
MapStream_FailureShortCircuitAsync,ShortRun,False,Default,Default,Default,Default,Default,Default,0000000000,Empty,RyuJit,Default,Arm64,8c5e7fda-e8bf-4a96-9a85-a6e23a8c635c,.NET 10.0,False,True,False,True,Default,Default,False,False,False,Default,Default,Default,Default,Default,Default,Default,Default,3,Default,1,Default,Default,Default,Default,Default,Default,16,3,256,7.292 μs,3.7740 μs,0.2069 μs,7.206 μs,3,0.1297,0.0000,824 B
FlatMapStream_AllSuccessAsync,ShortRun,False,Default,Default,Default,Default,Default,Default,0000000000,Empty,RyuJit,Default,Arm64,8c5e7fda-e8bf-4a96-9a85-a6e23a8c635c,.NET 10.0,False,True,False,True,Default,Default,False,False,False,Default,Default,Default,Default,Default,Default,Default,Default,3,Default,1,Default,Default,Default,Default,Default,Default,16,3,256,180.618 μs,175.1866 μs,9.6026 μs,182.579 μs,13,9.2773,0.0000,58160 B
FlatMap_InnerFailureAsync,ShortRun,False,Default,Default,Default,Default,Default,Default,0000000000,Empty,RyuJit,Default,Arm64,8c5e7fda-e8bf-4a96-9a85-a6e23a8c635c,.NET 10.0,False,True,False,True,Default,Default,False,False,False,Default,Default,Default,Default,Default,Default,Default,Default,3,Default,1,Default,Default,Default,Default,Default,Default,16,3,256,100.096 μs,59.3695 μs,3.2542 μs,99.233 μs,10,4.8828,0.0000,30424 B
FilterStream_PredicateAsync,ShortRun,False,Default,Default,Default,Default,Default,Default,0000000000,Empty,RyuJit,Default,Arm64,8c5e7fda-e8bf-4a96-9a85-a6e23a8c635c,.NET 10.0,False,True,False,True,Default,Default,False,False,False,Default,Default,Default,Default,Default,Default,Default,Default,3,Default,1,Default,Default,Default,Default,Default,Default,16,3,256,8.282 μs,6.0816 μs,0.3334 μs,8.266 μs,3,0.1068,0.0000,689 B
ToChannel_UnboundedAsync,ShortRun,False,Default,Default,Default,Default,Default,Default,0000000000,Empty,RyuJit,Default,Arm64,8c5e7fda-e8bf-4a96-9a85-a6e23a8c635c,.NET 10.0,False,True,False,True,Default,Default,False,False,False,Default,Default,Default,Default,Default,Default,Default,Default,3,Default,1,Default,Default,Default,Default,Default,Default,16,3,256,32.369 μs,114.1705 μs,6.2581 μs,29.127 μs,6,3.0518,0.1831,18695 B
ReadAll_ChannelDrainAsync,ShortRun,False,Default,Default,Default,Default,Default,Default,0000000000,Empty,RyuJit,Default,Arm64,8c5e7fda-e8bf-4a96-9a85-a6e23a8c635c,.NET 10.0,False,True,False,True,Default,Default,False,False,False,Default,Default,Default,Default,Default,Default,Default,Default,3,Default,1,Default,Default,Default,Default,Default,Default,16,3,256,11.064 μs,0.4200 μs,0.0230 μs,11.072 μs,4,2.8534,0.1678,17936 B
FanIn_MergeSourcesAsync,ShortRun,False,Default,Default,Default,Default,Default,Default,0000000000,Empty,RyuJit,Default,Arm64,8c5e7fda-e8bf-4a96-9a85-a6e23a8c635c,.NET 10.0,False,True,False,True,Default,Default,False,False,False,Default,Default,Default,Default,Default,Default,Default,Default,3,Default,1,Default,Default,Default,Default,Default,Default,16,3,256,73.854 μs,27.0491 μs,1.4826 μs,73.538 μs,8,6.8359,0.7324,38230 B
FanOut_BroadcastAsync,ShortRun,False,Default,Default,Default,Default,Default,Default,0000000000,Empty,RyuJit,Default,Arm64,8c5e7fda-e8bf-4a96-9a85-a6e23a8c635c,.NET 10.0,False,True,False,True,Default,Default,False,False,False,Default,Default,Default,Default,Default,Default,Default,Default,3,Default,1,Default,Default,Default,Default,Default,Default,16,3,256,58.001 μs,15.7706 μs,0.8644 μs,57.858 μs,7,10.1929,1.6479,62800 B
Window_FixedSizeAsync,ShortRun,False,Default,Default,Default,Default,Default,Default,0000000000,Empty,RyuJit,Default,Arm64,8c5e7fda-e8bf-4a96-9a85-a6e23a8c635c,.NET 10.0,False,True,False,True,Default,Default,False,False,False,Default,Default,Default,Default,Default,Default,Default,Default,3,Default,1,Default,Default,Default,Default,Default,Default,16,3,256,6.291 μs,1.8598 μs,0.1019 μs,6.305 μs,3,0.5341,0.0000,3345 B
Window_WithFailuresAsync,ShortRun,False,Default,Default,Default,Default,Default,Default,0000000000,Empty,RyuJit,Default,Arm64,8c5e7fda-e8bf-4a96-9a85-a6e23a8c635c,.NET 10.0,False,True,False,True,Default,Default,False,False,False,Default,Default,Default,Default,Default,Default,Default,Default,3,Default,1,Default,Default,Default,Default,Default,Default,16,3,256,5.813 μs,3.8801 μs,0.2127 μs,5.735 μs,3,0.1297,0.0000,848 B
Partition_PredicateAsync,ShortRun,False,Default,Default,Default,Default,Default,Default,0000000000,Empty,RyuJit,Default,Arm64,8c5e7fda-e8bf-4a96-9a85-a6e23a8c635c,.NET 10.0,False,True,False,True,Default,Default,False,False,False,Default,Default,Default,Default,Default,Default,Default,Default,3,Default,1,Default,Default,Default,Default,Default,Default,16,3,256,25.944 μs,8.4986 μs,0.4658 μs,25.681 μs,6,2.4719,0.0610,15314 B
ForEach_FailureStopsAsync,ShortRun,False,Default,Default,Default,Default,Default,Default,0000000000,Empty,RyuJit,Default,Arm64,8c5e7fda-e8bf-4a96-9a85-a6e23a8c635c,.NET 10.0,False,True,False,True,Default,Default,False,False,False,Default,Default,Default,Default,Default,Default,Default,Default,3,Default,1,Default,Default,Default,Default,Default,Default,16,3,256,23.019 μs,4.6318 μs,0.2539 μs,23.039 μs,5,0.0916,0.0000,681 B
ForEachLinkedCancellation_CallbackAsync,ShortRun,False,Default,Default,Default,Default,Default,Default,0000000000,Empty,RyuJit,Default,Arm64,8c5e7fda-e8bf-4a96-9a85-a6e23a8c635c,.NET 10.0,False,True,False,True,Default,Default,False,False,False,Default,Default,Default,Default,Default,Default,Default,Default,3,Default,1,Default,Default,Default,Default,Default,Default,16,3,256,594.087 μs,48.7875 μs,2.6742 μs,592.693 μs,14,1.9531,0.0000,13000 B
TapSuccessEach_WithFailureAsync,ShortRun,False,Default,Default,Default,Default,Default,Default,0000000000,Empty,RyuJit,Default,Arm64,8c5e7fda-e8bf-4a96-9a85-a6e23a8c635c,.NET 10.0,False,True,False,True,Default,Default,False,False,False,Default,Default,Default,Default,Default,Default,Default,Default,3,Default,1,Default,Default,Default,Default,Default,Default,16,3,256,506.335 μs,168.6366 μs,9.2435 μs,505.790 μs,14,0.0000,0.0000,672 B
TapSuccessEachAggregateErrors_AggregatesAsync,ShortRun,False,Default,Default,Default,Default,Default,Default,0000000000,Empty,RyuJit,Default,Arm64,8c5e7fda-e8bf-4a96-9a85-a6e23a8c635c,.NET 10.0,False,True,False,True,Default,Default,False,False,False,Default,Default,Default,Default,Default,Default,Default,Default,3,Default,1,Default,Default,Default,Default,Default,Default,16,3,256,518.683 μs,107.8114 μs,5.9095 μs,519.439 μs,14,0.0000,0.0000,3456 B
TapSuccessEachIgnoreErrors_IgnoresAsync,ShortRun,False,Default,Default,Default,Default,Default,Default,0000000000,Empty,RyuJit,Default,Arm64,8c5e7fda-e8bf-4a96-9a85-a6e23a8c635c,.NET 10.0,False,True,False,True,Default,Default,False,False,False,Default,Default,Default,Default,Default,Default,Default,Default,3,Default,1,Default,Default,Default,Default,Default,Default,16,3,256,504.540 μs,19.7302 μs,1.0815 μs,504.321 μs,14,0.0000,0.0000,672 B
TapFailureEach_WithFailuresAsync,ShortRun,False,Default,Default,Default,Default,Default,Default,0000000000,Empty,RyuJit,Default,Arm64,8c5e7fda-e8bf-4a96-9a85-a6e23a8c635c,.NET 10.0,False,True,False,True,Default,Default,False,False,False,Default,Default,Default,Default,Default,Default,Default,Default,3,Default,1,Default,Default,Default,Default,Default,Default,16,3,256,603.249 μs,237.1913 μs,13.0013 μs,601.881 μs,14,0.0000,0.0000,671 B
TapFailureEachAggregateErrors_AggregatesAsync,ShortRun,False,Default,Default,Default,Default,Default,Default,0000000000,Empty,RyuJit,Default,Arm64,8c5e7fda-e8bf-4a96-9a85-a6e23a8c635c,.NET 10.0,False,True,False,True,Default,Default,False,False,False,Default,Default,Default,Default,Default,Default,Default,Default,3,Default,1,Default,Default,Default,Default,Default,Default,16,3,256,569.612 μs,6.5707 μs,0.3602 μs,569.431 μs,14,0.9766,0.0000,8336 B
TapFailureEachIgnoreErrors_IgnoresAsync,ShortRun,False,Default,Default,Default,Default,Default,Default,0000000000,Empty,RyuJit,Default,Arm64,8c5e7fda-e8bf-4a96-9a85-a6e23a8c635c,.NET 10.0,False,True,False,True,Default,Default,False,False,False,Default,Default,Default,Default,Default,Default,Default,Default,3,Default,1,Default,Default,Default,Default,Default,Default,16,3,256,587.051 μs,251.8337 μs,13.8039 μs,590.023 μs,14,0.0000,0.0000,672 B
CollectErrors_AggregateAsync,ShortRun,False,Default,Default,Default,Default,Default,Default,0000000000,Empty,RyuJit,Default,Arm64,8c5e7fda-e8bf-4a96-9a85-a6e23a8c635c,.NET 10.0,False,True,False,True,Default,Default,False,False,False,Default,Default,Default,Default,Default,Default,Default,Default,3,Default,1,Default,Default,Default,Default,Default,Default,16,3,256,5.955 μs,0.8501 μs,0.0466 μs,5.966 μs,3,0.9003,0.0076,5625 B
MapStream_AllSuccessAsync,default,False,Default,Default,Default,Default,Default,Default,0000000000,Empty,RyuJit,Default,Arm64,8c5e7fda-e8bf-4a96-9a85-a6e23a8c635c,.NET 10.0,False,True,False,True,Default,Default,False,False,True,Default,Default,Default,Default,Default,Default,Default,Default,Default,Default,Default,Default,Default,Default,Default,Default,Default,16,Default,256,20.116 μs,0.3986 μs,0.3728 μs,19.985 μs,5,0.0000,0.0000,861 B
MapStream_FailureShortCircuitAsync,default,False,Default,Default,Default,Default,Default,Default,0000000000,Empty,RyuJit,Default,Arm64,8c5e7fda-e8bf-4a96-9a85-a6e23a8c635c,.NET 10.0,False,True,False,True,Default,Default,False,False,True,Default,Default,Default,Default,Default,Default,Default,Default,Default,Default,Default,Default,Default,Default,Default,Default,Default,16,Default,256,7.341 μs,0.0745 μs,0.0622 μs,7.345 μs,3,0.0076,0.0000,824 B
FlatMapStream_AllSuccessAsync,default,False,Default,Default,Default,Default,Default,Default,0000000000,Empty,RyuJit,Default,Arm64,8c5e7fda-e8bf-4a96-9a85-a6e23a8c635c,.NET 10.0,False,True,False,True,Default,Default,False,False,True,Default,Default,Default,Default,Default,Default,Default,Default,Default,Default,Default,Default,Default,Default,Default,Default,Default,16,Default,256,178.654 μs,3.5528 μs,5.9360 μs,177.751 μs,13,0.7324,0.0000,58160 B
FlatMap_InnerFailureAsync,default,False,Default,Default,Default,Default,Default,Default,0000000000,Empty,RyuJit,Default,Arm64,8c5e7fda-e8bf-4a96-9a85-a6e23a8c635c,.NET 10.0,False,True,False,True,Default,Default,False,False,True,Default,Default,Default,Default,Default,Default,Default,Default,Default,Default,Default,Default,Default,Default,Default,Default,Default,16,Default,256,100.076 μs,1.9972 μs,4.2992 μs,100.444 μs,10,0.2441,0.0000,30424 B
FilterStream_PredicateAsync,default,False,Default,Default,Default,Default,Default,Default,0000000000,Empty,RyuJit,Default,Arm64,8c5e7fda-e8bf-4a96-9a85-a6e23a8c635c,.NET 10.0,False,True,False,True,Default,Default,False,False,True,Default,Default,Default,Default,Default,Default,Default,Default,Default,Default,Default,Default,Default,Default,Default,Default,Default,16,Default,256,7.558 μs,0.0885 μs,0.0785 μs,7.564 μs,3,0.0076,0.0000,688 B
ToChannel_UnboundedAsync,default,False,Default,Default,Default,Default,Default,Default,0000000000,Empty,RyuJit,Default,Arm64,8c5e7fda-e8bf-4a96-9a85-a6e23a8c635c,.NET 10.0,False,True,False,True,Default,Default,False,False,True,Default,Default,Default,Default,Default,Default,Default,Default,Default,Default,Default,Default,Default,Default,Default,Default,Default,16,Default,256,25.328 μs,0.2466 μs,0.2186 μs,25.301 μs,6,0.2441,0.0000,18697 B
ReadAll_ChannelDrainAsync,default,False,Default,Default,Default,Default,Default,Default,0000000000,Empty,RyuJit,Default,Arm64,8c5e7fda-e8bf-4a96-9a85-a6e23a8c635c,.NET 10.0,False,True,False,True,Default,Default,False,False,True,Default,Default,Default,Default,Default,Default,Default,Default,Default,Default,Default,Default,Default,Default,Default,Default,Default,16,Default,256,10.948 μs,0.0170 μs,0.0150 μs,10.946 μs,4,0.2289,0.0000,17936 B
FanIn_MergeSourcesAsync,default,False,Default,Default,Default,Default,Default,Default,0000000000,Empty,RyuJit,Default,Arm64,8c5e7fda-e8bf-4a96-9a85-a6e23a8c635c,.NET 10.0,False,True,False,True,Default,Default,False,False,True,Default,Default,Default,Default,Default,Default,Default,Default,Default,Default,Default,Default,Default,Default,Default,Default,Default,16,Default,256,69.554 μs,0.6694 μs,0.5590 μs,69.389 μs,8,0.4883,0.0000,38230 B
FanOut_BroadcastAsync,default,False,Default,Default,Default,Default,Default,Default,0000000000,Empty,RyuJit,Default,Arm64,8c5e7fda-e8bf-4a96-9a85-a6e23a8c635c,.NET 10.0,False,True,False,True,Default,Default,False,False,True,Default,Default,Default,Default,Default,Default,Default,Default,Default,Default,Default,Default,Default,Default,Default,Default,Default,16,Default,256,57.172 μs,0.4348 μs,0.3630 μs,57.256 μs,7,0.7935,0.0610,62799 B
Window_FixedSizeAsync,default,False,Default,Default,Default,Default,Default,Default,0000000000,Empty,RyuJit,Default,Arm64,8c5e7fda-e8bf-4a96-9a85-a6e23a8c635c,.NET 10.0,False,True,False,True,Default,Default,False,False,True,Default,Default,Default,Default,Default,Default,Default,Default,Default,Default,Default,Default,Default,Default,Default,Default,Default,16,Default,256,6.211 μs,0.0838 μs,0.0743 μs,6.215 μs,3,0.0381,0.0000,3345 B
Window_WithFailuresAsync,default,False,Default,Default,Default,Default,Default,Default,0000000000,Empty,RyuJit,Default,Arm64,8c5e7fda-e8bf-4a96-9a85-a6e23a8c635c,.NET 10.0,False,True,False,True,Default,Default,False,False,True,Default,Default,Default,Default,Default,Default,Default,Default,Default,Default,Default,Default,Default,Default,Default,Default,Default,16,Default,256,5.782 μs,0.0987 μs,0.0875 μs,5.751 μs,3,0.0076,0.0000,848 B
Partition_PredicateAsync,default,False,Default,Default,Default,Default,Default,Default,0000000000,Empty,RyuJit,Default,Arm64,8c5e7fda-e8bf-4a96-9a85-a6e23a8c635c,.NET 10.0,False,True,False,True,Default,Default,False,False,True,Default,Default,Default,Default,Default,Default,Default,Default,Default,Default,Default,Default,Default,Default,Default,Default,Default,16,Default,256,25.976 μs,0.3760 μs,0.3517 μs,25.905 μs,6,0.1831,0.0000,15313 B
ForEach_FailureStopsAsync,default,False,Default,Default,Default,Default,Default,Default,0000000000,Empty,RyuJit,Default,Arm64,8c5e7fda-e8bf-4a96-9a85-a6e23a8c635c,.NET 10.0,False,True,False,True,Default,Default,False,False,True,Default,Default,Default,Default,Default,Default,Default,Default,Default,Default,Default,Default,Default,Default,Default,Default,Default,16,Default,256,23.468 μs,0.4645 μs,0.9594 μs,23.153 μs,5,0.0000,0.0000,677 B
ForEachLinkedCancellation_CallbackAsync,default,False,Default,Default,Default,Default,Default,Default,0000000000,Empty,RyuJit,Default,Arm64,8c5e7fda-e8bf-4a96-9a85-a6e23a8c635c,.NET 10.0,False,True,False,True,Default,Default,False,False,True,Default,Default,Default,Default,Default,Default,Default,Default,Default,Default,Default,Default,Default,Default,Default,Default,Default,16,Default,256,587.519 μs,11.4592 μs,10.7189 μs,582.499 μs,14,0.0000,0.0000,13000 B
TapSuccessEach_WithFailureAsync,default,False,Default,Default,Default,Default,Default,Default,0000000000,Empty,RyuJit,Default,Arm64,8c5e7fda-e8bf-4a96-9a85-a6e23a8c635c,.NET 10.0,False,True,False,True,Default,Default,False,False,True,Default,Default,Default,Default,Default,Default,Default,Default,Default,Default,Default,Default,Default,Default,Default,Default,Default,16,Default,256,535.035 μs,6.2994 μs,5.5843 μs,532.857 μs,14,0.0000,0.0000,672 B
TapSuccessEachAggregateErrors_AggregatesAsync,default,False,Default,Default,Default,Default,Default,Default,0000000000,Empty,RyuJit,Default,Arm64,8c5e7fda-e8bf-4a96-9a85-a6e23a8c635c,.NET 10.0,False,True,False,True,Default,Default,False,False,True,Default,Default,Default,Default,Default,Default,Default,Default,Default,Default,Default,Default,Default,Default,Default,Default,Default,16,Default,256,522.384 μs,10.4093 μs,10.6896 μs,526.540 μs,14,0.0000,0.0000,3456 B
TapSuccessEachIgnoreErrors_IgnoresAsync,default,False,Default,Default,Default,Default,Default,Default,0000000000,Empty,RyuJit,Default,Arm64,8c5e7fda-e8bf-4a96-9a85-a6e23a8c635c,.NET 10.0,False,True,False,True,Default,Default,False,False,True,Default,Default,Default,Default,Default,Default,Default,Default,Default,Default,Default,Default,Default,Default,Default,Default,Default,16,Default,256,522.557 μs,2.3885 μs,1.9945 μs,521.547 μs,14,0.0000,0.0000,672 B
TapFailureEach_WithFailuresAsync,default,False,Default,Default,Default,Default,Default,Default,0000000000,Empty,RyuJit,Default,Arm64,8c5e7fda-e8bf-4a96-9a85-a6e23a8c635c,.NET 10.0,False,True,False,True,Default,Default,False,False,True,Default,Default,Default,Default,Default,Default,Default,Default,Default,Default,Default,Default,Default,Default,Default,Default,Default,16,Default,256,587.343 μs,11.6137 μs,13.3744 μs,592.211 μs,14,0.0000,0.0000,672 B
TapFailureEachAggregateErrors_AggregatesAsync,default,False,Default,Default,Default,Default,Default,Default,0000000000,Empty,RyuJit,Default,Arm64,8c5e7fda-e8bf-4a96-9a85-a6e23a8c635c,.NET 10.0,False,True,False,True,Default,Default,False,False,True,Default,Default,Default,Default,Default,Default,Default,Default,Default,Default,Default,Default,Default,Default,Default,Default,Default,16,Default,256,606.027 μs,1.9132 μs,1.5976 μs,605.838 μs,14,0.0000,0.0000,8336 B
TapFailureEachIgnoreErrors_IgnoresAsync,default,False,Default,Default,Default,Default,Default,Default,0000000000,Empty,RyuJit,Default,Arm64,8c5e7fda-e8bf-4a96-9a85-a6e23a8c635c,.NET 10.0,False,True,False,True,Default,Default,False,False,True,Default,Default,Default,Default,Default,Default,Default,Default,Default,Default,Default,Default,Default,Default,Default,Default,Default,16,Default,256,575.019 μs,3.1564 μs,2.9525 μs,575.126 μs,14,0.0000,0.0000,672 B
CollectErrors_AggregateAsync,default,False,Default,Default,Default,Default,Default,Default,0000000000,Empty,RyuJit,Default,Arm64,8c5e7fda-e8bf-4a96-9a85-a6e23a8c635c,.NET 10.0,False,True,False,True,Default,Default,False,False,True,Default,Default,Default,Default,Default,Default,Default,Default,Default,Default,Default,Default,Default,Default,Default,Default,Default,16,Default,256,5.937 μs,0.0815 μs,0.0762 μs,5.916 μs,3,0.0687,0.0000,5625 B
MapStream_AllSuccessAsync,diag,False,Default,Default,Default,Default,Default,Default,0000000000,HUGO_BENCH_DIAGNOSTICS=1,RyuJit,Default,Arm64,8c5e7fda-e8bf-4a96-9a85-a6e23a8c635c,.NET 10.0,False,True,False,True,Default,Default,False,False,True,Default,Default,Default,Default,Default,Default,Default,Default,Default,Default,Default,Default,Default,Default,Default,Default,Default,16,Default,256,19.969 μs,0.3360 μs,0.3300 μs,19.958 μs,5,0.0000,0.0000,860 B
MapStream_FailureShortCircuitAsync,diag,False,Default,Default,Default,Default,Default,Default,0000000000,HUGO_BENCH_DIAGNOSTICS=1,RyuJit,Default,Arm64,8c5e7fda-e8bf-4a96-9a85-a6e23a8c635c,.NET 10.0,False,True,False,True,Default,Default,False,False,True,Default,Default,Default,Default,Default,Default,Default,Default,Default,Default,Default,Default,Default,Default,Default,Default,Default,16,Default,256,7.295 μs,0.1111 μs,0.0985 μs,7.270 μs,3,0.0076,0.0000,824 B
FlatMapStream_AllSuccessAsync,diag,False,Default,Default,Default,Default,Default,Default,0000000000,HUGO_BENCH_DIAGNOSTICS=1,RyuJit,Default,Arm64,8c5e7fda-e8bf-4a96-9a85-a6e23a8c635c,.NET 10.0,False,True,False,True,Default,Default,False,False,True,Default,Default,Default,Default,Default,Default,Default,Default,Default,Default,Default,Default,Default,Default,Default,Default,Default,16,Default,256,186.385 μs,3.7181 μs,8.2391 μs,186.824 μs,13,0.7324,0.0000,58160 B
FlatMap_InnerFailureAsync,diag,False,Default,Default,Default,Default,Default,Default,0000000000,HUGO_BENCH_DIAGNOSTICS=1,RyuJit,Default,Arm64,8c5e7fda-e8bf-4a96-9a85-a6e23a8c635c,.NET 10.0,False,True,False,True,Default,Default,False,False,True,Default,Default,Default,Default,Default,Default,Default,Default,Default,Default,Default,Default,Default,Default,Default,Default,Default,16,Default,256,92.418 μs,1.7908 μs,2.2648 μs,92.782 μs,9,0.3662,0.0000,30424 B
FilterStream_PredicateAsync,diag,False,Default,Default,Default,Default,Default,Default,0000000000,HUGO_BENCH_DIAGNOSTICS=1,RyuJit,Default,Arm64,8c5e7fda-e8bf-4a96-9a85-a6e23a8c635c,.NET 10.0,False,True,False,True,Default,Default,False,False,True,Default,Default,Default,Default,Default,Default,Default,Default,Default,Default,Default,Default,Default,Default,Default,Default,Default,16,Default,256,7.648 μs,0.1442 μs,0.1480 μs,7.629 μs,3,0.0076,0.0000,689 B
ToChannel_UnboundedAsync,diag,False,Default,Default,Default,Default,Default,Default,0000000000,HUGO_BENCH_DIAGNOSTICS=1,RyuJit,Default,Arm64,8c5e7fda-e8bf-4a96-9a85-a6e23a8c635c,.NET 10.0,False,True,False,True,Default,Default,False,False,True,Default,Default,Default,Default,Default,Default,Default,Default,Default,Default,Default,Default,Default,Default,Default,Default,Default,16,Default,256,25.415 μs,0.1809 μs,0.1693 μs,25.485 μs,6,0.2441,0.0000,18697 B
ReadAll_ChannelDrainAsync,diag,False,Default,Default,Default,Default,Default,Default,0000000000,HUGO_BENCH_DIAGNOSTICS=1,RyuJit,Default,Arm64,8c5e7fda-e8bf-4a96-9a85-a6e23a8c635c,.NET 10.0,False,True,False,True,Default,Default,False,False,True,Default,Default,Default,Default,Default,Default,Default,Default,Default,Default,Default,Default,Default,Default,Default,Default,Default,16,Default,256,10.986 μs,0.0215 μs,0.0191 μs,10.987 μs,4,0.2289,0.0000,17936 B
FanIn_MergeSourcesAsync,diag,False,Default,Default,Default,Default,Default,Default,0000000000,HUGO_BENCH_DIAGNOSTICS=1,RyuJit,Default,Arm64,8c5e7fda-e8bf-4a96-9a85-a6e23a8c635c,.NET 10.0,False,True,False,True,Default,Default,False,False,True,Default,Default,Default,Default,Default,Default,Default,Default,Default,Default,Default,Default,Default,Default,Default,Default,Default,16,Default,256,70.336 μs,1.3976 μs,1.4352 μs,69.968 μs,8,0.4883,0.0000,38231 B
FanOut_BroadcastAsync,diag,False,Default,Default,Default,Default,Default,Default,0000000000,HUGO_BENCH_DIAGNOSTICS=1,RyuJit,Default,Arm64,8c5e7fda-e8bf-4a96-9a85-a6e23a8c635c,.NET 10.0,False,True,False,True,Default,Default,False,False,True,Default,Default,Default,Default,Default,Default,Default,Default,Default,Default,Default,Default,Default,Default,Default,Default,Default,16,Default,256,59.505 μs,1.1168 μs,2.8829 μs,58.368 μs,7,0.7935,0.0610,62800 B
Window_FixedSizeAsync,diag,False,Default,Default,Default,Default,Default,Default,0000000000,HUGO_BENCH_DIAGNOSTICS=1,RyuJit,Default,Arm64,8c5e7fda-e8bf-4a96-9a85-a6e23a8c635c,.NET 10.0,False,True,False,True,Default,Default,False,False,True,Default,Default,Default,Default,Default,Default,Default,Default,Default,Default,Default,Default,Default,Default,Default,Default,Default,16,Default,256,6.301 μs,0.1231 μs,0.1765 μs,6.244 μs,3,0.0381,0.0000,3345 B
Window_WithFailuresAsync,diag,False,Default,Default,Default,Default,Default,Default,0000000000,HUGO_BENCH_DIAGNOSTICS=1,RyuJit,Default,Arm64,8c5e7fda-e8bf-4a96-9a85-a6e23a8c635c,.NET 10.0,False,True,False,True,Default,Default,False,False,True,Default,Default,Default,Default,Default,Default,Default,Default,Default,Default,Default,Default,Default,Default,Default,Default,Default,16,Default,256,5.857 μs,0.0941 μs,0.0786 μs,5.832 μs,3,0.0076,0.0000,848 B
Partition_PredicateAsync,diag,False,Default,Default,Default,Default,Default,Default,0000000000,HUGO_BENCH_DIAGNOSTICS=1,RyuJit,Default,Arm64,8c5e7fda-e8bf-4a96-9a85-a6e23a8c635c,.NET 10.0,False,True,False,True,Default,Default,False,False,True,Default,Default,Default,Default,Default,Default,Default,Default,Default,Default,Default,Default,Default,Default,Default,Default,Default,16,Default,256,26.045 μs,0.1337 μs,0.1185 μs,26.010 μs,6,0.1831,0.0000,15312 B
ForEach_FailureStopsAsync,diag,False,Default,Default,Default,Default,Default,Default,0000000000,HUGO_BENCH_DIAGNOSTICS=1,RyuJit,Default,Arm64,8c5e7fda-e8bf-4a96-9a85-a6e23a8c635c,.NET 10.0,False,True,False,True,Default,Default,False,False,True,Default,Default,Default,Default,Default,Default,Default,Default,Default,Default,Default,Default,Default,Default,Default,Default,Default,16,Default,256,22.924 μs,0.2377 μs,0.2107 μs,22.883 μs,5,0.0000,0.0000,684 B
ForEachLinkedCancellation_CallbackAsync,diag,False,Default,Default,Default,Default,Default,Default,0000000000,HUGO_BENCH_DIAGNOSTICS=1,RyuJit,Default,Arm64,8c5e7fda-e8bf-4a96-9a85-a6e23a8c635c,.NET 10.0,False,True,False,True,Default,Default,False,False,True,Default,Default,Default,Default,Default,Default,Default,Default,Default,Default,Default,Default,Default,Default,Default,Default,Default,16,Default,256,589.768 μs,1.9036 μs,1.4862 μs,589.326 μs,14,0.0000,0.0000,13000 B
TapSuccessEach_WithFailureAsync,diag,False,Default,Default,Default,Default,Default,Default,0000000000,HUGO_BENCH_DIAGNOSTICS=1,RyuJit,Default,Arm64,8c5e7fda-e8bf-4a96-9a85-a6e23a8c635c,.NET 10.0,False,True,False,True,Default,Default,False,False,True,Default,Default,Default,Default,Default,Default,Default,Default,Default,Default,Default,Default,Default,Default,Default,Default,Default,16,Default,256,511.706 μs,1.3952 μs,1.1651 μs,511.674 μs,14,0.0000,0.0000,672 B
TapSuccessEachAggregateErrors_AggregatesAsync,diag,False,Default,Default,Default,Default,Default,Default,0000000000,HUGO_BENCH_DIAGNOSTICS=1,RyuJit,Default,Arm64,8c5e7fda-e8bf-4a96-9a85-a6e23a8c635c,.NET 10.0,False,True,False,True,Default,Default,False,False,True,Default,Default,Default,Default,Default,Default,Default,Default,Default,Default,Default,Default,Default,Default,Default,Default,Default,16,Default,256,506.469 μs,2.7395 μs,2.5625 μs,506.790 μs,14,0.0000,0.0000,3456 B
TapSuccessEachIgnoreErrors_IgnoresAsync,diag,False,Default,Default,Default,Default,Default,Default,0000000000,HUGO_BENCH_DIAGNOSTICS=1,RyuJit,Default,Arm64,8c5e7fda-e8bf-4a96-9a85-a6e23a8c635c,.NET 10.0,False,True,False,True,Default,Default,False,False,True,Default,Default,Default,Default,Default,Default,Default,Default,Default,Default,Default,Default,Default,Default,Default,Default,Default,16,Default,256,505.816 μs,4.0356 μs,3.5774 μs,504.348 μs,14,0.0000,0.0000,672 B
TapFailureEach_WithFailuresAsync,diag,False,Default,Default,Default,Default,Default,Default,0000000000,HUGO_BENCH_DIAGNOSTICS=1,RyuJit,Default,Arm64,8c5e7fda-e8bf-4a96-9a85-a6e23a8c635c,.NET 10.0,False,True,False,True,Default,Default,False,False,True,Default,Default,Default,Default,Default,Default,Default,Default,Default,Default,Default,Default,Default,Default,Default,Default,Default,16,Default,256,590.513 μs,4.2263 μs,3.9533 μs,589.539 μs,14,0.0000,0.0000,672 B
TapFailureEachAggregateErrors_AggregatesAsync,diag,False,Default,Default,Default,Default,Default,Default,0000000000,HUGO_BENCH_DIAGNOSTICS=1,RyuJit,Default,Arm64,8c5e7fda-e8bf-4a96-9a85-a6e23a8c635c,.NET 10.0,False,True,False,True,Default,Default,False,False,True,Default,Default,Default,Default,Default,Default,Default,Default,Default,Default,Default,Default,Default,Default,Default,Default,Default,16,Default,256,584.048 μs,2.9305 μs,2.4471 μs,584.761 μs,14,0.0000,0.0000,8336 B
TapFailureEachIgnoreErrors_IgnoresAsync,diag,False,Default,Default,Default,Default,Default,Default,0000000000,HUGO_BENCH_DIAGNOSTICS=1,RyuJit,Default,Arm64,8c5e7fda-e8bf-4a96-9a85-a6e23a8c635c,.NET 10.0,False,True,False,True,Default,Default,False,False,True,Default,Default,Default,Default,Default,Default,Default,Default,Default,Default,Default,Default,Default,Default,Default,Default,Default,16,Default,256,581.848 μs,3.8846 μs,3.6336 μs,582.477 μs,14,0.0000,0.0000,672 B
CollectErrors_AggregateAsync,diag,False,Default,Default,Default,Default,Default,Default,0000000000,HUGO_BENCH_DIAGNOSTICS=1,RyuJit,Default,Arm64,8c5e7fda-e8bf-4a96-9a85-a6e23a8c635c,.NET 10.0,False,True,False,True,Default,Default,False,False,True,Default,Default,Default,Default,Default,Default,Default,Default,Default,Default,Default,Default,Default,Default,Default,Default,Default,16,Default,256,5.891 μs,0.1074 μs,0.0952 μs,5.876 μs,3,0.0687,0.0000,5625 B
MapStream_AllSuccessAsync,quick,False,Default,Default,Default,Default,Default,Default,0000000000,Empty,RyuJit,Default,Arm64,8c5e7fda-e8bf-4a96-9a85-a6e23a8c635c,.NET 10.0,False,True,False,True,Default,Default,False,False,True,Default,Default,Default,Default,Default,Default,Default,Default,3,Default,1,Default,Default,Default,Default,Default,Default,16,3,256,20.629 μs,19.2345 μs,1.0543 μs,20.031 μs,5,0.0000,0.0000,861 B
MapStream_FailureShortCircuitAsync,quick,False,Default,Default,Default,Default,Default,Default,0000000000,Empty,RyuJit,Default,Arm64,8c5e7fda-e8bf-4a96-9a85-a6e23a8c635c,.NET 10.0,False,True,False,True,Default,Default,False,False,True,Default,Default,Default,Default,Default,Default,Default,Default,3,Default,1,Default,Default,Default,Default,Default,Default,16,3,256,7.726 μs,3.4432 μs,0.1887 μs,7.676 μs,3,0.0000,0.0000,825 B
FlatMapStream_AllSuccessAsync,quick,False,Default,Default,Default,Default,Default,Default,0000000000,Empty,RyuJit,Default,Arm64,8c5e7fda-e8bf-4a96-9a85-a6e23a8c635c,.NET 10.0,False,True,False,True,Default,Default,False,False,True,Default,Default,Default,Default,Default,Default,Default,Default,3,Default,1,Default,Default,Default,Default,Default,Default,16,3,256,180.854 μs,160.1735 μs,8.7796 μs,185.399 μs,13,0.7324,0.0000,58160 B
FlatMap_InnerFailureAsync,quick,False,Default,Default,Default,Default,Default,Default,0000000000,Empty,RyuJit,Default,Arm64,8c5e7fda-e8bf-4a96-9a85-a6e23a8c635c,.NET 10.0,False,True,False,True,Default,Default,False,False,True,Default,Default,Default,Default,Default,Default,Default,Default,3,Default,1,Default,Default,Default,Default,Default,Default,16,3,256,100.084 μs,147.1153 μs,8.0639 μs,102.428 μs,10,0.2441,0.0000,30424 B
FilterStream_PredicateAsync,quick,False,Default,Default,Default,Default,Default,Default,0000000000,Empty,RyuJit,Default,Arm64,8c5e7fda-e8bf-4a96-9a85-a6e23a8c635c,.NET 10.0,False,True,False,True,Default,Default,False,False,True,Default,Default,Default,Default,Default,Default,Default,Default,3,Default,1,Default,Default,Default,Default,Default,Default,16,3,256,7.455 μs,2.3704 μs,0.1299 μs,7.488 μs,3,0.0000,0.0000,689 B
ToChannel_UnboundedAsync,quick,False,Default,Default,Default,Default,Default,Default,0000000000,Empty,RyuJit,Default,Arm64,8c5e7fda-e8bf-4a96-9a85-a6e23a8c635c,.NET 10.0,False,True,False,True,Default,Default,False,False,True,Default,Default,Default,Default,Default,Default,Default,Default,3,Default,1,Default,Default,Default,Default,Default,Default,16,3,256,25.504 μs,2.2502 μs,0.1233 μs,25.543 μs,6,0.2441,0.0000,18695 B
ReadAll_ChannelDrainAsync,quick,False,Default,Default,Default,Default,Default,Default,0000000000,Empty,RyuJit,Default,Arm64,8c5e7fda-e8bf-4a96-9a85-a6e23a8c635c,.NET 10.0,False,True,False,True,Default,Default,False,False,True,Default,Default,Default,Default,Default,Default,Default,Default,3,Default,1,Default,Default,Default,Default,Default,Default,16,3,256,10.942 μs,0.2293 μs,0.0126 μs,10.946 μs,4,0.2289,0.0000,17936 B
FanIn_MergeSourcesAsync,quick,False,Default,Default,Default,Default,Default,Default,0000000000,Empty,RyuJit,Default,Arm64,8c5e7fda-e8bf-4a96-9a85-a6e23a8c635c,.NET 10.0,False,True,False,True,Default,Default,False,False,True,Default,Default,Default,Default,Default,Default,Default,Default,3,Default,1,Default,Default,Default,Default,Default,Default,16,3,256,72.658 μs,17.0524 μs,0.9347 μs,72.574 μs,8,0.4883,0.0000,38231 B
FanOut_BroadcastAsync,quick,False,Default,Default,Default,Default,Default,Default,0000000000,Empty,RyuJit,Default,Arm64,8c5e7fda-e8bf-4a96-9a85-a6e23a8c635c,.NET 10.0,False,True,False,True,Default,Default,False,False,True,Default,Default,Default,Default,Default,Default,Default,Default,3,Default,1,Default,Default,Default,Default,Default,Default,16,3,256,57.202 μs,6.6440 μs,0.3642 μs,57.379 μs,7,0.7935,0.0610,62799 B
Window_FixedSizeAsync,quick,False,Default,Default,Default,Default,Default,Default,0000000000,Empty,RyuJit,Default,Arm64,8c5e7fda-e8bf-4a96-9a85-a6e23a8c635c,.NET 10.0,False,True,False,True,Default,Default,False,False,True,Default,Default,Default,Default,Default,Default,Default,Default,3,Default,1,Default,Default,Default,Default,Default,Default,16,3,256,6.156 μs,1.1938 μs,0.0654 μs,6.131 μs,3,0.0381,0.0000,3345 B
Window_WithFailuresAsync,quick,False,Default,Default,Default,Default,Default,Default,0000000000,Empty,RyuJit,Default,Arm64,8c5e7fda-e8bf-4a96-9a85-a6e23a8c635c,.NET 10.0,False,True,False,True,Default,Default,False,False,True,Default,Default,Default,Default,Default,Default,Default,Default,3,Default,1,Default,Default,Default,Default,Default,Default,16,3,256,5.727 μs,0.4811 μs,0.0264 μs,5.739 μs,3,0.0076,0.0000,848 B
Partition_PredicateAsync,quick,False,Default,Default,Default,Default,Default,Default,0000000000,Empty,RyuJit,Default,Arm64,8c5e7fda-e8bf-4a96-9a85-a6e23a8c635c,.NET 10.0,False,True,False,True,Default,Default,False,False,True,Default,Default,Default,Default,Default,Default,Default,Default,3,Default,1,Default,Default,Default,Default,Default,Default,16,3,256,25.896 μs,6.2263 μs,0.3413 μs,25.741 μs,6,0.1831,0.0000,15313 B
ForEach_FailureStopsAsync,quick,False,Default,Default,Default,Default,Default,Default,0000000000,Empty,RyuJit,Default,Arm64,8c5e7fda-e8bf-4a96-9a85-a6e23a8c635c,.NET 10.0,False,True,False,True,Default,Default,False,False,True,Default,Default,Default,Default,Default,Default,Default,Default,3,Default,1,Default,Default,Default,Default,Default,Default,16,3,256,23.179 μs,8.6274 μs,0.4729 μs,23.007 μs,5,0.0000,0.0000,689 B
ForEachLinkedCancellation_CallbackAsync,quick,False,Default,Default,Default,Default,Default,Default,0000000000,Empty,RyuJit,Default,Arm64,8c5e7fda-e8bf-4a96-9a85-a6e23a8c635c,.NET 10.0,False,True,False,True,Default,Default,False,False,True,Default,Default,Default,Default,Default,Default,Default,Default,3,Default,1,Default,Default,Default,Default,Default,Default,16,3,256,576.049 μs,134.3162 μs,7.3623 μs,572.747 μs,14,0.0000,0.0000,13000 B
TapSuccessEach_WithFailureAsync,quick,False,Default,Default,Default,Default,Default,Default,0000000000,Empty,RyuJit,Default,Arm64,8c5e7fda-e8bf-4a96-9a85-a6e23a8c635c,.NET 10.0,False,True,False,True,Default,Default,False,False,True,Default,Default,Default,Default,Default,Default,Default,Default,3,Default,1,Default,Default,Default,Default,Default,Default,16,3,256,503.193 μs,5.8658 μs,0.3215 μs,503.062 μs,14,0.0000,0.0000,672 B
TapSuccessEachAggregateErrors_AggregatesAsync,quick,False,Default,Default,Default,Default,Default,Default,0000000000,Empty,RyuJit,Default,Arm64,8c5e7fda-e8bf-4a96-9a85-a6e23a8c635c,.NET 10.0,False,True,False,True,Default,Default,False,False,True,Default,Default,Default,Default,Default,Default,Default,Default,3,Default,1,Default,Default,Default,Default,Default,Default,16,3,256,494.878 μs,26.4528 μs,1.4500 μs,495.328 μs,14,0.0000,0.0000,3456 B
TapSuccessEachIgnoreErrors_IgnoresAsync,quick,False,Default,Default,Default,Default,Default,Default,0000000000,Empty,RyuJit,Default,Arm64,8c5e7fda-e8bf-4a96-9a85-a6e23a8c635c,.NET 10.0,False,True,False,True,Default,Default,False,False,True,Default,Default,Default,Default,Default,Default,Default,Default,3,Default,1,Default,Default,Default,Default,Default,Default,16,3,256,509.763 μs,48.6209 μs,2.6651 μs,509.148 μs,14,0.0000,0.0000,672 B
TapFailureEach_WithFailuresAsync,quick,False,Default,Default,Default,Default,Default,Default,0000000000,Empty,RyuJit,Default,Arm64,8c5e7fda-e8bf-4a96-9a85-a6e23a8c635c,.NET 10.0,False,True,False,True,Default,Default,False,False,True,Default,Default,Default,Default,Default,Default,Default,Default,3,Default,1,Default,Default,Default,Default,Default,Default,16,3,256,581.844 μs,16.4114 μs,0.8996 μs,582.290 μs,14,0.0000,0.0000,672 B
TapFailureEachAggregateErrors_AggregatesAsync,quick,False,Default,Default,Default,Default,Default,Default,0000000000,Empty,RyuJit,Default,Arm64,8c5e7fda-e8bf-4a96-9a85-a6e23a8c635c,.NET 10.0,False,True,False,True,Default,Default,False,False,True,Default,Default,Default,Default,Default,Default,Default,Default,3,Default,1,Default,Default,Default,Default,Default,Default,16,3,256,588.564 μs,158.5773 μs,8.6922 μs,588.921 μs,14,0.0000,0.0000,8336 B
TapFailureEachIgnoreErrors_IgnoresAsync,quick,False,Default,Default,Default,Default,Default,Default,0000000000,Empty,RyuJit,Default,Arm64,8c5e7fda-e8bf-4a96-9a85-a6e23a8c635c,.NET 10.0,False,True,False,True,Default,Default,False,False,True,Default,Default,Default,Default,Default,Default,Default,Default,3,Default,1,Default,Default,Default,Default,Default,Default,16,3,256,594.245 μs,22.9008 μs,1.2553 μs,593.598 μs,14,0.0000,0.0000,672 B
CollectErrors_AggregateAsync,quick,False,Default,Default,Default,Default,Default,Default,0000000000,Empty,RyuJit,Default,Arm64,8c5e7fda-e8bf-4a96-9a85-a6e23a8c635c,.NET 10.0,False,True,False,True,Default,Default,False,False,True,Default,Default,Default,Default,Default,Default,Default,Default,3,Default,1,Default,Default,Default,Default,Default,Default,16,3,256,5.860 μs,1.1398 μs,0.0625 μs,5.890 μs,3,0.0687,0.0000,5625 B
